execucao_id,id,iniciada_em_utc,duracao_ms,http_status,x_cache,erro,consulta
3,13,2026-10-02T02:19:16.414Z,318,200,TCP_REMOTE_HIT,"","extrato_entregas?id_ente=1&an_referencia=2025"
3,14,2026-10-02T02:19:17.520Z,1347,200,TCP_MISS,"","rreo?an_exercicio=2025&nr_periodo=1&co_tipo_demonstrativo=RREO&no_anexo=RREO-Anexo+01&id_ente=1"
3,15,2026-10-02T02:19:19.432Z,790,200,TCP_MISS,"","rreo?an_exercicio=2025&nr_periodo=2&co_tipo_demonstrativo=RREO&no_anexo=RREO-Anexo+01&id_ente=1"
3,16,2026-10-02T02:19:20.534Z,898,200,TCP_MISS,"","rreo?an_exercicio=2025&nr_periodo=3&co_tipo_demonstrativo=RREO&no_anexo=RREO-Anexo+01&id_ente=1"
3,17,2026-10-02T02:19:21.640Z,1113,200,TCP_MISS,"","rreo?an_exercicio=2025&nr_periodo=4&co_tipo_demonstrativo=RREO&no_anexo=RREO-Anexo+01&id_ente=1"
3,18,2026-10-02T02:19:22.875Z,790,200,TCP_MISS,"","rreo?an_exercicio=2025&nr_periodo=5&co_tipo_demonstrativo=RREO&no_anexo=RREO-Anexo+01&id_ente=1"
3,19,2026-10-02T02:19:23.980Z,793,200,TCP_MISS,"","rreo?an_exercicio=2025&nr_periodo=6&co_tipo_demonstrativo=RREO&no_anexo=RREO-Anexo+01&id_ente=1"
3,20,2026-10-02T02:19:25.094Z,180,200,TCP_REMOTE_HIT,"","extrato_entregas?id_ente=11&an_referencia=2025"
3,21,2026-10-02T02:19:26.200Z,28,429,CONFIG_NOCACHE,"HTTP 429","rreo?an_exercicio=2025&nr_periodo=1&co_tipo_demonstrativo=RREO&no_anexo=RREO-Anexo+01&id_ente=11"
3,22,2026-10-02T02:19:28.348Z,1065,200,TCP_MISS,"","rreo?an_exercicio=2025&nr_periodo=1&co_tipo_demonstrativo=RREO&no_anexo=RREO-Anexo+01&id_ente=11"
3,23,2026-10-02T02:19:29.460Z,881,200,TCP_MISS,"","rreo?an_exercicio=2025&nr_periodo=2&co_tipo_demonstrativo=RREO&no_anexo=RREO-Anexo+01&id_ente=11"
3,24,2026-10-02T02:19:30.575Z,888,200,TCP_MISS,"","rreo?an_exercicio=2025&nr_periodo=3&co_tipo_demonstrativo=RREO&no_anexo=RREO-Anexo+01&id_ente=11"
3,25,2026-10-02T02:19:31.688Z,883,200,TCP_MISS,"","rreo?an_exercicio=2025&nr_periodo=4&co_tipo_demonstrativo=RREO&no_anexo=RREO-Anexo+01&id_ente=11"
3,26,2026-10-02T02:19:32.801Z,646,200,TCP_MISS,"","rreo?an_exercicio=2025&nr_periodo=5&co_tipo_demonstrativo=RREO&no_anexo=RREO-Anexo+01&id_ente=11"
3,27,2026-10-02T02:19:33.909Z,855,200,TCP_MISS,"","rreo?an_exercicio=2025&nr_periodo=6&co_tipo_demonstrativo=RREO&no_anexo=RREO-Anexo+01&id_ente=11"
3,28,2026-10-02T02:19:35.015Z,160,200,TCP_REMOTE_HIT,"","extrato_entregas?id_ente=12&an_referencia=2025"
3,29,2026-10-02T02:19:36.116Z,885,200,TCP_MISS,"","rreo?an_exercicio=2025&nr_periodo=1&co_tipo_demonstrativo=RREO&no_anexo=RREO-Anexo+01&id_ente=12"
3,30,2026-10-02T02:19:37.222Z,888,200,TCP_MISS,"","rreo?an_exercicio=2025&nr_periodo=2&co_tipo_demonstrativo=RREO&no_anexo=RREO-Anexo+01&id_ente=12"
3,31,2026-10-02T02:19:38.323Z,1063,200,TCP_MISS,"","rreo?an_exercicio=2025&nr_periodo=3&co_tipo_demonstrativo=RREO&no_anexo=RREO-Anexo+01&id_ente=12"
3,32,2026-10-02T02:19:39.448Z,20,429,CONFIG_NOCACHE,"HTTP 429","rreo?an_exercicio=2025&nr_periodo=4&co_tipo_demonstrativo=RREO&no_anexo=RREO-Anexo+01&id_ente=12"
3,33,2026-10-02T02:19:41.698Z,1030,200,TCP_MISS,"","rreo?an_exercicio=2025&nr_periodo=4&co_tipo_demonstrativo=RREO&no_anexo=RREO-Anexo+01&id_ente=12"
3,34,2026-10-02T02:19:42.806Z,651,200,TCP_MISS,"","rreo?an_exercicio=2025&nr_periodo=5&co_tipo_demonstrativo=RREO&no_anexo=RREO-Anexo+01&id_ente=12"
3,35,2026-10-02T02:19:43.917Z,991,200,TCP_MISS,"","rreo?an_exercicio=2025&nr_periodo=6&co_tipo_demonstrativo=RREO&no_anexo=RREO-Anexo+01&id_ente=12"
3,36,2026-10-02T02:19:45.029Z,166,200,TCP_REMOTE_HIT,"","extrato_entregas?id_ente=13&an_referencia=2025"
3,37,2026-10-02T02:19:46.137Z,720,200,TCP_MISS,"","rreo?an_exercicio=2025&nr_periodo=1&co_tipo_demonstrativo=RREO&no_anexo=RREO-Anexo+01&id_ente=13"
3,38,2026-10-02T02:19:47.246Z,754,200,TCP_MISS,"","rreo?an_exercicio=2025&nr_periodo=2&co_tipo_demonstrativo=RREO&no_anexo=RREO-Anexo+01&id_ente=13"
3,39,2026-10-02T02:19:48.358Z,874,200,TCP_MISS,"","rreo?an_exercicio=2025&nr_periodo=3&co_tipo_demonstrativo=RREO&no_anexo=RREO-Anexo+01&id_ente=13"
3,40,2026-10-02T02:19:49.468Z,952,200,TCP_MISS,"","rreo?an_exercicio=2025&nr_periodo=4&co_tipo_demonstrativo=RREO&no_anexo=RREO-Anexo+01&id_ente=13"
3,41,2026-10-02T02:19:50.575Z,671,200,TCP_MISS,"","rreo?an_exercicio=2025&nr_periodo=5&co_tipo_demonstrativo=RREO&no_anexo=RREO-Anexo+01&id_ente=13"
3,42,2026-10-02T02:19:51.684Z,872,200,TCP_MISS,"","rreo?an_exercicio=2025&nr_periodo=6&co_tipo_demonstrativo=RREO&no_anexo=RREO-Anexo+01&id_ente=13"
3,43,2026-10-02T02:19:52.792Z,26,429,CONFIG_NOCACHE,"HTTP 429","extrato_entregas?id_ente=14&an_referencia=2025"
3,44,2026-10-02T02:19:55.320Z,225,200,TCP_REMOTE_HIT,"","extrato_entregas?id_ente=14&an_referencia=2025"
3,45,2026-10-02T02:19:56.422Z,823,200,TCP_MISS,"","rreo?an_exercicio=2025&nr_periodo=1&co_tipo_demonstrativo=RREO&no_anexo=RREO-Anexo+01&id_ente=14"
3,46,2026-10-02T02:19:57.528Z,932,200,TCP_MISS,"","rreo?an_exercicio=2025&nr_periodo=2&co_tipo_demonstrativo=RREO&no_anexo=RREO-Anexo+01&id_ente=14"
3,47,2026-10-02T02:19:58.629Z,648,200,TCP_MISS,"","rreo?an_exercicio=2025&nr_periodo=3&co_tipo_demonstrativo=RREO&no_anexo=RREO-Anexo+01&id_ente=14"
3,48,2026-10-02T02:19:59.732Z,630,200,TCP_MISS,"","rreo?an_exercicio=2025&nr_periodo=4&co_tipo_demonstrativo=RREO&no_anexo=RREO-Anexo+01&id_ente=14"
3,49,2026-10-02T02:20:00.845Z,934,200,TCP_MISS,"","rreo?an_exercicio=2025&nr_periodo=5&co_tipo_demonstrativo=RREO&no_anexo=RREO-Anexo+01&id_ente=14"
3,50,2026-10-02T02:20:01.959Z,631,200,TCP_MISS,"","rreo?an_exercicio=2025&nr_periodo=6&co_tipo_demonstrativo=RREO&no_anexo=RREO-Anexo+01&id_ente=14"
3,51,2026-10-02T02:20:03.067Z,139,200,TCP_REMOTE_HIT,"","extrato_entregas?id_ente=15&an_referencia=2025"
3,52,2026-10-02T02:20:04.174Z,1210,200,TCP_MISS,"","rreo?an_exercicio=2025&nr_periodo=1&co_tipo_demonstrativo=RREO&no_anexo=RREO-Anexo+01&id_ente=15"
3,53,2026-10-02T02:20:05.445Z,728,200,TCP_MISS,"","rreo?an_exercicio=2025&nr_periodo=2&co_tipo_demonstrativo=RREO&no_anexo=RREO-Anexo+01&id_ente=15"
3,54,2026-10-02T02:20:06.554Z,864,200,TCP_MISS,"","rreo?an_exercicio=2025&nr_periodo=3&co_tipo_demonstrativo=RREO&no_anexo=RREO-Anexo+01&id_ente=15"
3,55,2026-10-02T02:20:07.661Z,705,200,TCP_MISS,"","rreo?an_exercicio=2025&nr_periodo=4&co_tipo_demonstrativo=RREO&no_anexo=RREO-Anexo+01&id_ente=15"
3,56,2026-10-02T02:20:08.764Z,653,200,TCP_MISS,"","rreo?an_exercicio=2025&nr_periodo=5&co_tipo_demonstrativo=RREO&no_anexo=RREO-Anexo+01&id_ente=15"
3,57,2026-10-02T02:20:09.876Z,35,429,CONFIG_NOCACHE,"HTTP 429","rreo?an_exercicio=2025&nr_periodo=6&co_tipo_demonstrativo=RREO&no_anexo=RREO-Anexo+01&id_ente=15"
3,58,2026-10-02T02:20:12.292Z,991,200,TCP_MISS,"","rreo?an_exercicio=2025&nr_periodo=6&co_tipo_demonstrativo=RREO&no_anexo=RREO-Anexo+01&id_ente=15"
3,59,2026-10-02T02:20:13.394Z,30,200,TCP_HIT,"","extrato_entregas?id_ente=16&an_referencia=2025"
3,60,2026-10-02T02:20:14.503Z,760,200,TCP_MISS,"","rreo?an_exercicio=2025&nr_periodo=1&co_tipo_demonstrativo=RREO&no_anexo=RREO-Anexo+01&id_ente=16"
3,61,2026-10-02T02:20:15.603Z,677,200,TCP_MISS,"","rreo?an_exercicio=2025&nr_periodo=2&co_tipo_demonstrativo=RREO&no_anexo=RREO-Anexo+01&id_ente=16"
3,62,2026-10-02T02:20:16.714Z,711,200,TCP_MISS,"","rreo?an_exercicio=2025&nr_periodo=3&co_tipo_demonstrativo=RREO&no_anexo=RREO-Anexo+01&id_ente=16"
3,63,2026-10-02T02:20:17.820Z,648,200,TCP_MISS,"","rreo?an_exercicio=2025&nr_periodo=4&co_tipo_demonstrativo=RREO&no_anexo=RREO-Anexo+01&id_ente=16"
3,64,2026-10-02T02:20:18.931Z,656,200,TCP_MISS,"","rreo?an_exercicio=2025&nr_periodo=5&co_tipo_demonstrativo=RREO&no_anexo=RREO-Anexo+01&id_ente=16"
3,65,2026-10-02T02:20:20.033Z,1221,200,TCP_MISS,"","rreo?an_exercicio=2025&nr_periodo=6&co_tipo_demonstrativo=RREO&no_anexo=RREO-Anexo+01&id_ente=16"
3,66,2026-10-02T02:20:21.293Z,27,200,TCP_HIT,"","extrato_entregas?id_ente=17&an_referencia=2025"
3,67,2026-10-02T02:20:22.408Z,1103,200,TCP_MISS,"","rreo?an_exercicio=2025&nr_periodo=1&co_tipo_demonstrativo=RREO&no_anexo=RREO-Anexo+01&id_ente=17"
3,68,2026-10-02T02:20:23.550Z,14,429,CONFIG_NOCACHE,"HTTP 429","rreo?an_exercicio=2025&nr_periodo=2&co_tipo_demonstrativo=RREO&no_anexo=RREO-Anexo+01&id_ente=17"
3,69,2026-10-02T02:20:25.895Z,1159,200,TCP_MISS,"","rreo?an_exercicio=2025&nr_periodo=2&co_tipo_demonstrativo=RREO&no_anexo=RREO-Anexo+01&id_ente=17"
3,70,2026-10-02T02:20:27.095Z,658,200,TCP_MISS,"","rreo?an_exercicio=2025&nr_periodo=3&co_tipo_demonstrativo=RREO&no_anexo=RREO-Anexo+01&id_ente=17"
3,71,2026-10-02T02:20:28.207Z,648,200,TCP_MISS,"","rreo?an_exercicio=2025&nr_periodo=4&co_tipo_demonstrativo=RREO&no_anexo=RREO-Anexo+01&id_ente=17"
3,72,2026-10-02T02:20:29.310Z,887,200,TCP_MISS,"","rreo?an_exercicio=2025&nr_periodo=5&co_tipo_demonstrativo=RREO&no_anexo=RREO-Anexo+01&id_ente=17"
3,73,2026-10-02T02:20:30.418Z,889,200,TCP_MISS,"","rreo?an_exercicio=2025&nr_periodo=6&co_tipo_demonstrativo=RREO&no_anexo=RREO-Anexo+01&id_ente=17"
3,74,2026-10-02T02:20:31.532Z,143,200,TCP_REMOTE_HIT,"","extrato_entregas?id_ente=21&an_referencia=2025"
3,75,2026-10-02T02:20:32.642Z,956,200,TCP_MISS,"","rreo?an_exercicio=2025&nr_periodo=1&co_tipo_demonstrativo=RREO&no_anexo=RREO-Anexo+01&id_ente=21"
3,76,2026-10-02T02:20:33.754Z,946,200,TCP_MISS,"","rreo?an_exercicio=2025&nr_periodo=2&co_tipo_demonstrativo=RREO&no_anexo=RREO-Anexo+01&id_ente=21"
3,77,2026-10-02T02:20:34.860Z,645,200,TCP_MISS,"","rreo?an_exercicio=2025&nr_periodo=3&co_tipo_demonstrativo=RREO&no_anexo=RREO-Anexo+01&id_ente=21"
3,78,2026-10-02T02:20:35.970Z,868,200,TCP_MISS,"","rreo?an_exercicio=2025&nr_periodo=4&co_tipo_demonstrativo=RREO&no_anexo=RREO-Anexo+01&id_ente=21"
3,79,2026-10-02T02:20:37.077Z,21,429,CONFIG_NOCACHE,"HTTP 429","rreo?an_exercicio=2025&nr_periodo=5&co_tipo_demonstrativo=RREO&no_anexo=RREO-Anexo+01&id_ente=21"
3,80,2026-10-02T02:20:39.284Z,79,429,CONFIG_NOCACHE,"HTTP 429","rreo?an_exercicio=2025&nr_periodo=5&co_tipo_demonstrativo=RREO&no_anexo=RREO-Anexo+01&id_ente=21"
3,81,2026-10-02T02:20:43.412Z,733,200,TCP_MISS,"","rreo?an_exercicio=2025&nr_periodo=5&co_tipo_demonstrativo=RREO&no_anexo=RREO-Anexo+01&id_ente=21"
3,82,2026-10-02T02:20:44.515Z,18,429,CONFIG_NOCACHE,"HTTP 429","rreo?an_exercicio=2025&nr_periodo=6&co_tipo_demonstrativo=RREO&no_anexo=RREO-Anexo+01&id_ente=21"
3,83,2026-10-02T02:20:46.903Z,57,429,CONFIG_NOCACHE,"HTTP 429","rreo?an_exercicio=2025&nr_periodo=6&co_tipo_demonstrativo=RREO&no_anexo=RREO-Anexo+01&id_ente=21"
3,84,2026-10-02T02:20:51.319Z,922,200,TCP_MISS,"","rreo?an_exercicio=2025&nr_periodo=6&co_tipo_demonstrativo=RREO&no_anexo=RREO-Anexo+01&id_ente=21"
3,85,2026-10-02T02:20:52.424Z,16,429,CONFIG_NOCACHE,"HTTP 429","extrato_entregas?id_ente=22&an_referencia=2025"
3,86,2026-10-02T02:20:54.614Z,255,200,TCP_REMOTE_HIT,"","extrato_entregas?id_ente=22&an_referencia=2025"
3,87,2026-10-02T02:20:55.729Z,14,429,CONFIG_NOCACHE,"HTTP 429","rreo?an_exercicio=2025&nr_periodo=1&co_tipo_demonstrativo=RREO&no_anexo=RREO-Anexo+01&id_ente=22"
3,88,2026-10-02T02:20:57.938Z,870,200,TCP_MISS,"","rreo?an_exercicio=2025&nr_periodo=1&co_tipo_demonstrativo=RREO&no_anexo=RREO-Anexo+01&id_ente=22"
3,89,2026-10-02T02:20:59.038Z,816,200,TCP_MISS,"","rreo?an_exercicio=2025&nr_periodo=2&co_tipo_demonstrativo=RREO&no_anexo=RREO-Anexo+01&id_ente=22"
3,90,2026-10-02T02:21:00.144Z,917,200,TCP_MISS,"","rreo?an_exercicio=2025&nr_periodo=3&co_tipo_demonstrativo=RREO&no_anexo=RREO-Anexo+01&id_ente=22"
3,91,2026-10-02T02:21:01.248Z,1173,200,TCP_MISS,"","rreo?an_exercicio=2025&nr_periodo=4&co_tipo_demonstrativo=RREO&no_anexo=RREO-Anexo+01&id_ente=22"
3,92,2026-10-02T02:21:02.516Z,663,200,TCP_MISS,"","rreo?an_exercicio=2025&nr_periodo=5&co_tipo_demonstrativo=RREO&no_anexo=RREO-Anexo+01&id_ente=22"
3,93,2026-10-02T02:21:03.622Z,690,200,TCP_MISS,"","rreo?an_exercicio=2025&nr_periodo=6&co_tipo_demonstrativo=RREO&no_anexo=RREO-Anexo+01&id_ente=22"
3,94,2026-10-02T02:21:04.730Z,138,200,TCP_REMOTE_HIT,"","extrato_entregas?id_ente=23&an_referencia=2025"
3,95,2026-10-02T02:21:05.838Z,877,200,TCP_MISS,"","rreo?an_exercicio=2025&nr_periodo=1&co_tipo_demonstrativo=RREO&no_anexo=RREO-Anexo+01&id_ente=23"
3,96,2026-10-02T02:21:07.217Z,707,200,TCP_MISS,"","rreo?an_exercicio=2025&nr_periodo=2&co_tipo_demonstrativo=RREO&no_anexo=RREO-Anexo+01&id_ente=23"
3,97,2026-10-02T02:21:08.323Z,646,200,TCP_MISS,"","rreo?an_exercicio=2025&nr_periodo=3&co_tipo_demonstrativo=RREO&no_anexo=RREO-Anexo+01&id_ente=23"
3,98,2026-10-02T02:21:09.434Z,22,429,CONFIG_NOCACHE,"HTTP 429","rreo?an_exercicio=2025&nr_periodo=4&co_tipo_demonstrativo=RREO&no_anexo=RREO-Anexo+01&id_ente=23"
3,99,2026-10-02T02:21:11.670Z,90,429,CONFIG_NOCACHE,"HTTP 429","rreo?an_exercicio=2025&nr_periodo=4&co_tipo_demonstrativo=RREO&no_anexo=RREO-Anexo+01&id_ente=23"
3,100,2026-10-02T02:21:16.212Z,1267,200,TCP_MISS,"","rreo?an_exercicio=2025&nr_periodo=4&co_tipo_demonstrativo=RREO&no_anexo=RREO-Anexo+01&id_ente=23"
3,101,2026-10-02T02:21:17.525Z,15,429,CONFIG_NOCACHE,"HTTP 429","rreo?an_exercicio=2025&nr_periodo=5&co_tipo_demonstrativo=RREO&no_anexo=RREO-Anexo+01&id_ente=23"
3,102,2026-10-02T02:21:19.829Z,991,200,TCP_MISS,"","rreo?an_exercicio=2025&nr_periodo=5&co_tipo_demonstrativo=RREO&no_anexo=RREO-Anexo+01&id_ente=23"
3,103,2026-10-02T02:21:20.944Z,13,429,CONFIG_NOCACHE,"HTTP 429","rreo?an_exercicio=2025&nr_periodo=6&co_tipo_demonstrativo=RREO&no_anexo=RREO-Anexo+01&id_ente=23"
3,104,2026-10-02T02:21:23.004Z,876,200,TCP_MISS,"","rreo?an_exercicio=2025&nr_periodo=6&co_tipo_demonstrativo=RREO&no_anexo=RREO-Anexo+01&id_ente=23"
3,105,2026-10-02T02:21:24.109Z,206,200,TCP_REMOTE_HIT,"","extrato_entregas?id_ente=24&an_referencia=2025"
3,106,2026-10-02T02:21:25.219Z,1221,200,TCP_MISS,"","rreo?an_exercicio=2025&nr_periodo=1&co_tipo_demonstrativo=RREO&no_anexo=RREO-Anexo+01&id_ente=24"
3,107,2026-10-02T02:21:26.479Z,874,200,TCP_MISS,"","rreo?an_exercicio=2025&nr_periodo=2&co_tipo_demonstrativo=RREO&no_anexo=RREO-Anexo+01&id_ente=24"
3,108,2026-10-02T02:21:27.588Z,992,200,TCP_MISS,"","rreo?an_exercicio=2025&nr_periodo=3&co_tipo_demonstrativo=RREO&no_anexo=RREO-Anexo+01&id_ente=24"
3,109,2026-10-02T02:21:28.689Z,904,200,TCP_MISS,"","rreo?an_exercicio=2025&nr_periodo=4&co_tipo_demonstrativo=RREO&no_anexo=RREO-Anexo+01&id_ente=24"
3,110,2026-10-02T02:21:29.797Z,1004,200,TCP_MISS,"","rreo?an_exercicio=2025&nr_periodo=5&co_tipo_demonstrativo=RREO&no_anexo=RREO-Anexo+01&id_ente=24"
3,111,2026-10-02T02:21:30.899Z,862,200,TCP_MISS,"","rreo?an_exercicio=2025&nr_periodo=6&co_tipo_demonstrativo=RREO&no_anexo=RREO-Anexo+01&id_ente=24"
3,112,2026-10-02T02:21:32.004Z,137,200,TCP_REMOTE_HIT,"","extrato_entregas?id_ente=25&an_referencia=2025"
3,113,2026-10-02T02:21:33.106Z,1011,200,TCP_MISS,"","rreo?an_exercicio=2025&nr_periodo=1&co_tipo_demonstrativo=RREO&no_anexo=RREO-Anexo+01&id_ente=25"
3,114,2026-10-02T02:21:34.213Z,15,429,CONFIG_NOCACHE,"HTTP 429","rreo?an_exercicio=2025&nr_periodo=2&co_tipo_demonstrativo=RREO&no_anexo=RREO-Anexo+01&id_ente=25"
3,115,2026-10-02T02:21:36.722Z,985,200,TCP_MISS,"","rreo?an_exercicio=2025&nr_periodo=2&co_tipo_demonstrativo=RREO&no_anexo=RREO-Anexo+01&id_ente=25"
3,116,2026-10-02T02:21:37.822Z,19,429,CONFIG_NOCACHE,"HTTP 429","rreo?an_exercicio=2025&nr_periodo=3&co_tipo_demonstrativo=RREO&no_anexo=RREO-Anexo+01&id_ente=25"
3,117,2026-10-02T02:21:39.911Z,739,200,TCP_MISS,"","rreo?an_exercicio=2025&nr_periodo=3&co_tipo_demonstrativo=RREO&no_anexo=RREO-Anexo+01&id_ente=25"
3,118,2026-10-02T02:21:41.016Z,13,429,CONFIG_NOCACHE,"HTTP 429","rreo?an_exercicio=2025&nr_periodo=4&co_tipo_demonstrativo=RREO&no_anexo=RREO-Anexo+01&id_ente=25"
3,119,2026-10-02T02:21:43.437Z,60,429,CONFIG_NOCACHE,"HTTP 429","rreo?an_exercicio=2025&nr_periodo=4&co_tipo_demonstrativo=RREO&no_anexo=RREO-Anexo+01&id_ente=25"
3,120,2026-10-02T02:21:47.881Z,87,429,CONFIG_NOCACHE,"HTTP 429","rreo?an_exercicio=2025&nr_periodo=4&co_tipo_demonstrativo=RREO&no_anexo=RREO-Anexo+01&id_ente=25"
3,121,2026-10-02T02:21:48.992Z,998,200,TCP_MISS,"","rreo?an_exercicio=2025&nr_periodo=5&co_tipo_demonstrativo=RREO&no_anexo=RREO-Anexo+01&id_ente=25"
3,122,2026-10-02T02:21:50.105Z,13,429,CONFIG_NOCACHE,"HTTP 429","rreo?an_exercicio=2025&nr_periodo=6&co_tipo_demonstrativo=RREO&no_anexo=RREO-Anexo+01&id_ente=25"
3,123,2026-10-02T02:21:52.487Z,901,200,TCP_MISS,"","rreo?an_exercicio=2025&nr_periodo=6&co_tipo_demonstrativo=RREO&no_anexo=RREO-Anexo+01&id_ente=25"
3,124,2026-10-02T02:21:53.595Z,15,429,CONFIG_NOCACHE,"HTTP 429","extrato_entregas?id_ente=26&an_referencia=2025"
3,125,2026-10-02T02:21:56.047Z,51,429,CONFIG_NOCACHE,"HTTP 429","extrato_entregas?id_ente=26&an_referencia=2025"
3,126,2026-10-02T02:22:00.548Z,211,200,TCP_REMOTE_HIT,"","extrato_entregas?id_ente=26&an_referencia=2025"
3,127,2026-10-02T02:22:01.653Z,951,200,TCP_MISS,"","rreo?an_exercicio=2025&nr_periodo=1&co_tipo_demonstrativo=RREO&no_anexo=RREO-Anexo+01&id_ente=26"
3,128,2026-10-02T02:22:02.755Z,867,200,TCP_MISS,"","rreo?an_exercicio=2025&nr_periodo=2&co_tipo_demonstrativo=RREO&no_anexo=RREO-Anexo+01&id_ente=26"
3,129,2026-10-02T02:22:03.866Z,1112,200,TCP_MISS,"","rreo?an_exercicio=2025&nr_periodo=3&co_tipo_demonstrativo=RREO&no_anexo=RREO-Anexo+01&id_ente=26"
3,130,2026-10-02T02:22:05.057Z,1026,200,TCP_MISS,"","rreo?an_exercicio=2025&nr_periodo=4&co_tipo_demonstrativo=RREO&no_anexo=RREO-Anexo+01&id_ente=26"
3,131,2026-10-02T02:22:06.159Z,1155,200,TCP_MISS,"","rreo?an_exercicio=2025&nr_periodo=5&co_tipo_demonstrativo=RREO&no_anexo=RREO-Anexo+01&id_ente=26"
3,132,2026-10-02T02:22:07.366Z,952,200,TCP_MISS,"","rreo?an_exercicio=2025&nr_periodo=6&co_tipo_demonstrativo=RREO&no_anexo=RREO-Anexo+01&id_ente=26"
3,133,2026-10-02T02:22:08.466Z,141,200,TCP_REMOTE_HIT,"","extrato_entregas?id_ente=27&an_referencia=2025"
3,134,2026-10-02T02:22:09.575Z,964,200,TCP_MISS,"","rreo?an_exercicio=2025&nr_periodo=1&co_tipo_demonstrativo=RREO&no_anexo=RREO-Anexo+01&id_ente=27"
3,135,2026-10-02T02:22:10.686Z,949,200,TCP_MISS,"","rreo?an_exercicio=2025&nr_periodo=2&co_tipo_demonstrativo=RREO&no_anexo=RREO-Anexo+01&id_ente=27"
3,136,2026-10-02T02:22:11.798Z,26,429,CONFIG_NOCACHE,"HTTP 429","rreo?an_exercicio=2025&nr_periodo=3&co_tipo_demonstrativo=RREO&no_anexo=RREO-Anexo+01&id_ente=27"
3,137,2026-10-02T02:22:14.011Z,994,200,TCP_MISS,"","rreo?an_exercicio=2025&nr_periodo=3&co_tipo_demonstrativo=RREO&no_anexo=RREO-Anexo+01&id_ente=27"
3,138,2026-10-02T02:22:15.119Z,1079,200,TCP_MISS,"","rreo?an_exercicio=2025&nr_periodo=4&co_tipo_demonstrativo=RREO&no_anexo=RREO-Anexo+01&id_ente=27"
3,139,2026-10-02T02:22:16.264Z,1203,200,TCP_MISS,"","rreo?an_exercicio=2025&nr_periodo=5&co_tipo_demonstrativo=RREO&no_anexo=RREO-Anexo+01&id_ente=27"
3,140,2026-10-02T02:22:17.511Z,703,200,TCP_MISS,"","rreo?an_exercicio=2025&nr_periodo=6&co_tipo_demonstrativo=RREO&no_anexo=RREO-Anexo+01&id_ente=27"
3,141,2026-10-02T02:22:18.624Z,251,200,TCP_REMOTE_HIT,"","extrato_entregas?id_ente=28&an_referencia=2025"
3,142,2026-10-02T02:22:19.727Z,797,200,TCP_MISS,"","rreo?an_exercicio=2025&nr_periodo=1&co_tipo_demonstrativo=RREO&no_anexo=RREO-Anexo+01&id_ente=28"
3,143,2026-10-02T02:22:20.837Z,1097,200,TCP_MISS,"","rreo?an_exercicio=2025&nr_periodo=2&co_tipo_demonstrativo=RREO&no_anexo=RREO-Anexo+01&id_ente=28"
3,144,2026-10-02T02:22:22.011Z,671,200,TCP_MISS,"","rreo?an_exercicio=2025&nr_periodo=3&co_tipo_demonstrativo=RREO&no_anexo=RREO-Anexo+01&id_ente=28"
3,145,2026-10-02T02:22:23.123Z,941,200,TCP_MISS,"","rreo?an_exercicio=2025&nr_periodo=4&co_tipo_demonstrativo=RREO&no_anexo=RREO-Anexo+01&id_ente=28"
3,146,2026-10-02T02:22:24.236Z,917,200,TCP_MISS,"","rreo?an_exercicio=2025&nr_periodo=5&co_tipo_demonstrativo=RREO&no_anexo=RREO-Anexo+01&id_ente=28"
3,147,2026-10-02T02:22:25.343Z,22,429,CONFIG_NOCACHE,"HTTP 429","rreo?an_exercicio=2025&nr_periodo=6&co_tipo_demonstrativo=RREO&no_anexo=RREO-Anexo+01&id_ente=28"
3,148,2026-10-02T02:22:27.436Z,906,200,TCP_MISS,"","rreo?an_exercicio=2025&nr_periodo=6&co_tipo_demonstrativo=RREO&no_anexo=RREO-Anexo+01&id_ente=28"
3,149,2026-10-02T02:22:28.543Z,25,429,CONFIG_NOCACHE,"HTTP 429","extrato_entregas?id_ente=29&an_referencia=2025"
3,150,2026-10-02T02:22:30.735Z,216,200,TCP_REMOTE_HIT,"","extrato_entregas?id_ente=29&an_referencia=2025"
3,151,2026-10-02T02:22:31.837Z,15,429,CONFIG_NOCACHE,"HTTP 429","rreo?an_exercicio=2025&nr_periodo=1&co_tipo_demonstrativo=RREO&no_anexo=RREO-Anexo+01&id_ente=29"
3,152,2026-10-02T02:22:33.969Z,1217,200,TCP_MISS,"","rreo?an_exercicio=2025&nr_periodo=1&co_tipo_demonstrativo=RREO&no_anexo=RREO-Anexo+01&id_ente=29"
3,153,2026-10-02T02:22:35.238Z,12,429,CONFIG_NOCACHE,"HTTP 429","rreo?an_exercicio=2025&nr_periodo=2&co_tipo_demonstrativo=RREO&no_anexo=RREO-Anexo+01&id_ente=29"
3,154,2026-10-02T02:22:37.579Z,96,429,CONFIG_NOCACHE,"HTTP 429","rreo?an_exercicio=2025&nr_periodo=2&co_tipo_demonstrativo=RREO&no_anexo=RREO-Anexo+01&id_ente=29"
3,155,2026-10-02T02:22:41.961Z,1270,200,TCP_MISS,"","rreo?an_exercicio=2025&nr_periodo=2&co_tipo_demonstrativo=RREO&no_anexo=RREO-Anexo+01&id_ente=29"
3,156,2026-10-02T02:22:43.290Z,15,429,CONFIG_NOCACHE,"HTTP 429","rreo?an_exercicio=2025&nr_periodo=3&co_tipo_demonstrativo=RREO&no_anexo=RREO-Anexo+01&id_ente=29"
3,157,2026-10-02T02:22:45.479Z,982,200,TCP_MISS,"","rreo?an_exercicio=2025&nr_periodo=3&co_tipo_demonstrativo=RREO&no_anexo=RREO-Anexo+01&id_ente=29"
3,158,2026-10-02T02:22:46.594Z,13,429,CONFIG_NOCACHE,"HTTP 429","rreo?an_exercicio=2025&nr_periodo=4&co_tipo_demonstrativo=RREO&no_anexo=RREO-Anexo+01&id_ente=29"
3,159,2026-10-02T02:22:49.044Z,84,429,CONFIG_NOCACHE,"HTTP 429","rreo?an_exercicio=2025&nr_periodo=4&co_tipo_demonstrativo=RREO&no_anexo=RREO-Anexo+01&id_ente=29"
3,160,2026-10-02T02:22:53.432Z,928,200,TCP_MISS,"","rreo?an_exercicio=2025&nr_periodo=4&co_tipo_demonstrativo=RREO&no_anexo=RREO-Anexo+01&id_ente=29"
3,161,2026-10-02T02:22:54.542Z,735,200,TCP_MISS,"","rreo?an_exercicio=2025&nr_periodo=5&co_tipo_demonstrativo=RREO&no_anexo=RREO-Anexo+01&id_ente=29"
3,162,2026-10-02T02:22:55.650Z,828,200,TCP_MISS,"","rreo?an_exercicio=2025&nr_periodo=6&co_tipo_demonstrativo=RREO&no_anexo=RREO-Anexo+01&id_ente=29"
3,163,2026-10-02T02:22:56.767Z,254,200,TCP_REMOTE_HIT,"","extrato_entregas?id_ente=31&an_referencia=2025"
3,164,2026-10-02T02:22:57.868Z,1088,200,TCP_MISS,"","rreo?an_exercicio=2025&nr_periodo=1&co_tipo_demonstrativo=RREO&no_anexo=RREO-Anexo+01&id_ente=31"
3,165,2026-10-02T02:22:59.016Z,862,200,TCP_MISS,"","rreo?an_exercicio=2025&nr_periodo=2&co_tipo_demonstrativo=RREO&no_anexo=RREO-Anexo+01&id_ente=31"
3,166,2026-10-02T02:23:00.120Z,1349,200,TCP_MISS,"","rreo?an_exercicio=2025&nr_periodo=3&co_tipo_demonstrativo=RREO&no_anexo=RREO-Anexo+01&id_ente=31"
3,167,2026-10-02T02:23:01.629Z,1114,200,TCP_MISS,"","rreo?an_exercicio=2025&nr_periodo=4&co_tipo_demonstrativo=RREO&no_anexo=RREO-Anexo+01&id_ente=31"
3,168,2026-10-02T02:23:02.795Z,1074,200,TCP_MISS,"","rreo?an_exercicio=2025&nr_periodo=5&co_tipo_demonstrativo=RREO&no_anexo=RREO-Anexo+01&id_ente=31"
3,169,2026-10-02T02:23:03.919Z,932,200,TCP_MISS,"","rreo?an_exercicio=2025&nr_periodo=6&co_tipo_demonstrativo=RREO&no_anexo=RREO-Anexo+01&id_ente=31"
3,170,2026-10-02T02:23:05.022Z,144,200,TCP_REMOTE_HIT,"","extrato_entregas?id_ente=32&an_referencia=2025"
3,171,2026-10-02T02:23:06.136Z,786,200,TCP_MISS,"","rreo?an_exercicio=2025&nr_periodo=1&co_tipo_demonstrativo=RREO&no_anexo=RREO-Anexo+01&id_ente=32"
3,172,2026-10-02T02:23:07.242Z,874,200,TCP_MISS,"","rreo?an_exercicio=2025&nr_periodo=2&co_tipo_demonstrativo=RREO&no_anexo=RREO-Anexo+01&id_ente=32"
3,173,2026-10-02T02:23:08.347Z,820,200,TCP_MISS,"","rreo?an_exercicio=2025&nr_periodo=3&co_tipo_demonstrativo=RREO&no_anexo=RREO-Anexo+01&id_ente=32"
3,174,2026-10-02T02:23:09.447Z,16,429,CONFIG_NOCACHE,"HTTP 429","rreo?an_exercicio=2025&nr_periodo=4&co_tipo_demonstrativo=RREO&no_anexo=RREO-Anexo+01&id_ente=32"
3,175,2026-10-02T02:23:11.612Z,953,200,TCP_MISS,"","rreo?an_exercicio=2025&nr_periodo=4&co_tipo_demonstrativo=RREO&no_anexo=RREO-Anexo+01&id_ente=32"
3,176,2026-10-02T02:23:12.718Z,995,200,TCP_MISS,"","rreo?an_exercicio=2025&nr_periodo=5&co_tipo_demonstrativo=RREO&no_anexo=RREO-Anexo+01&id_ente=32"
3,177,2026-10-02T02:23:13.833Z,763,200,TCP_MISS,"","rreo?an_exercicio=2025&nr_periodo=6&co_tipo_demonstrativo=RREO&no_anexo=RREO-Anexo+01&id_ente=32"
3,178,2026-10-02T02:23:14.939Z,134,200,TCP_REMOTE_HIT,"","extrato_entregas?id_ente=33&an_referencia=2025"
3,179,2026-10-02T02:23:16.049Z,1151,200,TCP_MISS,"","rreo?an_exercicio=2025&nr_periodo=1&co_tipo_demonstrativo=RREO&no_anexo=RREO-Anexo+01&id_ente=33"
3,180,2026-10-02T02:23:17.280Z,1527,200,TCP_MISS,"","rreo?an_exercicio=2025&nr_periodo=2&co_tipo_demonstrativo=RREO&no_anexo=RREO-Anexo+01&id_ente=33"
3,181,2026-10-02T02:23:18.858Z,826,200,TCP_MISS,"","rreo?an_exercicio=2025&nr_periodo=3&co_tipo_demonstrativo=RREO&no_anexo=RREO-Anexo+01&id_ente=33"
3,182,2026-10-02T02:23:19.978Z,795,200,TCP_MISS,"","rreo?an_exercicio=2025&nr_periodo=4&co_tipo_demonstrativo=RREO&no_anexo=RREO-Anexo+01&id_ente=33"
3,183,2026-10-02T02:23:21.085Z,996,200,TCP_MISS,"","rreo?an_exercicio=2025&nr_periodo=5&co_tipo_demonstrativo=RREO&no_anexo=RREO-Anexo+01&id_ente=33"
3,184,2026-10-02T02:23:22.233Z,1164,200,TCP_MISS,"","rreo?an_exercicio=2025&nr_periodo=6&co_tipo_demonstrativo=RREO&no_anexo=RREO-Anexo+01&id_ente=33"
3,185,2026-10-02T02:23:24.144Z,15,429,CONFIG_NOCACHE,"HTTP 429","extrato_entregas?id_ente=35&an_referencia=2025"
3,186,2026-10-02T02:23:26.218Z,114,200,TCP_HIT,"","extrato_entregas?id_ente=35&an_referencia=2025"
3,187,2026-10-02T02:23:27.319Z,882,200,TCP_MISS,"","rreo?an_exercicio=2025&nr_periodo=1&co_tipo_demonstrativo=RREO&no_anexo=RREO-Anexo+01&id_ente=35"
3,188,2026-10-02T02:23:28.426Z,754,200,TCP_MISS,"","rreo?an_exercicio=2025&nr_periodo=2&co_tipo_demonstrativo=RREO&no_anexo=RREO-Anexo+01&id_ente=35"
3,189,2026-10-02T02:23:29.537Z,1074,200,TCP_MISS,"","rreo?an_exercicio=2025&nr_periodo=3&co_tipo_demonstrativo=RREO&no_anexo=RREO-Anexo+01&id_ente=35"
3,190,2026-10-02T02:23:30.662Z,751,200,TCP_MISS,"","rreo?an_exercicio=2025&nr_periodo=4&co_tipo_demonstrativo=RREO&no_anexo=RREO-Anexo+01&id_ente=35"
3,191,2026-10-02T02:23:31.768Z,907,200,TCP_MISS,"","rreo?an_exercicio=2025&nr_periodo=5&co_tipo_demonstrativo=RREO&no_anexo=RREO-Anexo+01&id_ente=35"
3,192,2026-10-02T02:23:32.882Z,976,200,TCP_MISS,"","rreo?an_exercicio=2025&nr_periodo=6&co_tipo_demonstrativo=RREO&no_anexo=RREO-Anexo+01&id_ente=35"
3,193,2026-10-02T02:23:33.996Z,158,200,TCP_REMOTE_HIT,"","extrato_entregas?id_ente=41&an_referencia=2025"
3,194,2026-10-02T02:23:35.102Z,844,200,TCP_MISS,"","rreo?an_exercicio=2025&nr_periodo=1&co_tipo_demonstrativo=RREO&no_anexo=RREO-Anexo+01&id_ente=41"
3,195,2026-10-02T02:23:36.222Z,1004,200,TCP_MISS,"","rreo?an_exercicio=2025&nr_periodo=2&co_tipo_demonstrativo=RREO&no_anexo=RREO-Anexo+01&id_ente=41"
3,196,2026-10-02T02:23:37.323Z,16,429,CONFIG_NOCACHE,"HTTP 429","rreo?an_exercicio=2025&nr_periodo=3&co_tipo_demonstrativo=RREO&no_anexo=RREO-Anexo+01&id_ente=41"
3,197,2026-10-02T02:23:39.437Z,918,200,TCP_MISS,"","rreo?an_exercicio=2025&nr_periodo=3&co_tipo_demonstrativo=RREO&no_anexo=RREO-Anexo+01&id_ente=41"
3,198,2026-10-02T02:23:40.545Z,923,200,TCP_MISS,"","rreo?an_exercicio=2025&nr_periodo=4&co_tipo_demonstrativo=RREO&no_anexo=RREO-Anexo+01&id_ente=41"
3,199,2026-10-02T02:23:41.654Z,792,200,TCP_MISS,"","rreo?an_exercicio=2025&nr_periodo=5&co_tipo_demonstrativo=RREO&no_anexo=RREO-Anexo+01&id_ente=41"
3,200,2026-10-02T02:23:42.760Z,973,200,TCP_MISS,"","rreo?an_exercicio=2025&nr_periodo=6&co_tipo_demonstrativo=RREO&no_anexo=RREO-Anexo+01&id_ente=41"
3,201,2026-10-02T02:23:43.868Z,173,200,TCP_REMOTE_HIT,"","extrato_entregas?id_ente=42&an_referencia=2025"
3,202,2026-10-02T02:23:44.974Z,1026,200,TCP_MISS,"","rreo?an_exercicio=2025&nr_periodo=1&co_tipo_demonstrativo=RREO&no_anexo=RREO-Anexo+01&id_ente=42"
3,203,2026-10-02T02:23:46.078Z,1052,200,TCP_MISS,"","rreo?an_exercicio=2025&nr_periodo=2&co_tipo_demonstrativo=RREO&no_anexo=RREO-Anexo+01&id_ente=42"
3,204,2026-10-02T02:23:47.180Z,853,200,TCP_MISS,"","rreo?an_exercicio=2025&nr_periodo=3&co_tipo_demonstrativo=RREO&no_anexo=RREO-Anexo+01&id_ente=42"
3,205,2026-10-02T02:23:48.294Z,638,200,TCP_MISS,"","rreo?an_exercicio=2025&nr_periodo=4&co_tipo_demonstrativo=RREO&no_anexo=RREO-Anexo+01&id_ente=42"
3,206,2026-10-02T02:23:49.404Z,988,200,TCP_MISS,"","rreo?an_exercicio=2025&nr_periodo=5&co_tipo_demonstrativo=RREO&no_anexo=RREO-Anexo+01&id_ente=42"
3,207,2026-10-02T02:23:50.513Z,15,429,CONFIG_NOCACHE,"HTTP 429","rreo?an_exercicio=2025&nr_periodo=6&co_tipo_demonstrativo=RREO&no_anexo=RREO-Anexo+01&id_ente=42"
3,208,2026-10-02T02:23:53.031Z,991,200,TCP_MISS,"","rreo?an_exercicio=2025&nr_periodo=6&co_tipo_demonstrativo=RREO&no_anexo=RREO-Anexo+01&id_ente=42"
3,209,2026-10-02T02:23:54.134Z,14,429,CONFIG_NOCACHE,"HTTP 429","extrato_entregas?id_ente=43&an_referencia=2025"
3,210,2026-10-02T02:23:56.170Z,262,200,TCP_REMOTE_HIT,"","extrato_entregas?id_ente=43&an_referencia=2025"
3,211,2026-10-02T02:23:57.278Z,18,429,CONFIG_NOCACHE,"HTTP 429","rreo?an_exercicio=2025&nr_periodo=1&co_tipo_demonstrativo=RREO&no_anexo=RREO-Anexo+01&id_ente=43"
3,212,2026-10-02T02:23:59.577Z,941,200,TCP_MISS,"","rreo?an_exercicio=2025&nr_periodo=1&co_tipo_demonstrativo=RREO&no_anexo=RREO-Anexo+01&id_ente=43"
3,213,2026-10-02T02:24:00.683Z,948,200,TCP_MISS,"","rreo?an_exercicio=2025&nr_periodo=2&co_tipo_demonstrativo=RREO&no_anexo=RREO-Anexo+01&id_ente=43"
3,214,2026-10-02T02:24:01.804Z,1007,200,TCP_MISS,"","rreo?an_exercicio=2025&nr_periodo=3&co_tipo_demonstrativo=RREO&no_anexo=RREO-Anexo+01&id_ente=43"
3,215,2026-10-02T02:24:02.906Z,989,200,TCP_MISS,"","rreo?an_exercicio=2025&nr_periodo=4&co_tipo_demonstrativo=RREO&no_anexo=RREO-Anexo+01&id_ente=43"
3,216,2026-10-02T02:24:04.012Z,785,200,TCP_MISS,"","rreo?an_exercicio=2025&nr_periodo=5&co_tipo_demonstrativo=RREO&no_anexo=RREO-Anexo+01&id_ente=43"
3,217,2026-10-02T02:24:05.121Z,833,200,TCP_MISS,"","rreo?an_exercicio=2025&nr_periodo=6&co_tipo_demonstrativo=RREO&no_anexo=RREO-Anexo+01&id_ente=43"
3,218,2026-10-02T02:24:06.225Z,136,200,TCP_REMOTE_HIT,"","extrato_entregas?id_ente=50&an_referencia=2025"
3,219,2026-10-02T02:24:07.326Z,976,200,TCP_MISS,"","rreo?an_exercicio=2025&nr_periodo=1&co_tipo_demonstrativo=RREO&no_anexo=RREO-Anexo+01&id_ente=50"
3,220,2026-10-02T02:24:08.433Z,873,200,TCP_MISS,"","rreo?an_exercicio=2025&nr_periodo=2&co_tipo_demonstrativo=RREO&no_anexo=RREO-Anexo+01&id_ente=50"
3,221,2026-10-02T02:24:09.546Z,642,200,TCP_MISS,"","rreo?an_exercicio=2025&nr_periodo=3&co_tipo_demonstrativo=RREO&no_anexo=RREO-Anexo+01&id_ente=50"
3,222,2026-10-02T02:24:10.654Z,19,429,CONFIG_NOCACHE,"HTTP 429","rreo?an_exercicio=2025&nr_periodo=4&co_tipo_demonstrativo=RREO&no_anexo=RREO-Anexo+01&id_ente=50"
3,223,2026-10-02T02:24:12.961Z,1008,200,TCP_MISS,"","rreo?an_exercicio=2025&nr_periodo=4&co_tipo_demonstrativo=RREO&no_anexo=RREO-Anexo+01&id_ente=50"
3,224,2026-10-02T02:24:14.070Z,791,200,TCP_MISS,"","rreo?an_exercicio=2025&nr_periodo=5&co_tipo_demonstrativo=RREO&no_anexo=RREO-Anexo+01&id_ente=50"
3,225,2026-10-02T02:24:15.173Z,643,200,TCP_MISS,"","rreo?an_exercicio=2025&nr_periodo=6&co_tipo_demonstrativo=RREO&no_anexo=RREO-Anexo+01&id_ente=50"
3,226,2026-10-02T02:24:16.278Z,250,200,TCP_REMOTE_HIT,"","extrato_entregas?id_ente=51&an_referencia=2025"
3,227,2026-10-02T02:24:17.391Z,963,200,TCP_MISS,"","rreo?an_exercicio=2025&nr_periodo=1&co_tipo_demonstrativo=RREO&no_anexo=RREO-Anexo+01&id_ente=51"
3,228,2026-10-02T02:24:18.499Z,868,200,TCP_MISS,"","rreo?an_exercicio=2025&nr_periodo=2&co_tipo_demonstrativo=RREO&no_anexo=RREO-Anexo+01&id_ente=51"
3,229,2026-10-02T02:24:19.602Z,904,200,TCP_MISS,"","rreo?an_exercicio=2025&nr_periodo=3&co_tipo_demonstrativo=RREO&no_anexo=RREO-Anexo+01&id_ente=51"
3,230,2026-10-02T02:24:20.705Z,725,200,TCP_MISS,"","rreo?an_exercicio=2025&nr_periodo=4&co_tipo_demonstrativo=RREO&no_anexo=RREO-Anexo+01&id_ente=51"
3,231,2026-10-02T02:24:21.810Z,664,200,TCP_MISS,"","rreo?an_exercicio=2025&nr_periodo=5&co_tipo_demonstrativo=RREO&no_anexo=RREO-Anexo+01&id_ente=51"
3,232,2026-10-02T02:24:22.923Z,1102,200,TCP_MISS,"","rreo?an_exercicio=2025&nr_periodo=6&co_tipo_demonstrativo=RREO&no_anexo=RREO-Anexo+01&id_ente=51"
3,233,2026-10-02T02:24:24.069Z,14,429,CONFIG_NOCACHE,"HTTP 429","extrato_entregas?id_ente=52&an_referencia=2025"
3,234,2026-10-02T02:24:26.386Z,260,200,TCP_REMOTE_HIT,"","extrato_entregas?id_ente=52&an_referencia=2025"
3,235,2026-10-02T02:24:27.495Z,1036,200,TCP_MISS,"","rreo?an_exercicio=2025&nr_periodo=1&co_tipo_demonstrativo=RREO&no_anexo=RREO-Anexo+01&id_ente=52"
3,236,2026-10-02T02:24:28.601Z,1010,200,TCP_MISS,"","rreo?an_exercicio=2025&nr_periodo=2&co_tipo_demonstrativo=RREO&no_anexo=RREO-Anexo+01&id_ente=52"
3,237,2026-10-02T02:24:29.713Z,898,200,TCP_MISS,"","rreo?an_exercicio=2025&nr_periodo=3&co_tipo_demonstrativo=RREO&no_anexo=RREO-Anexo+01&id_ente=52"
3,238,2026-10-02T02:24:30.828Z,708,200,TCP_MISS,"","rreo?an_exercicio=2025&nr_periodo=4&co_tipo_demonstrativo=RREO&no_anexo=RREO-Anexo+01&id_ente=52"
3,239,2026-10-02T02:24:31.930Z,887,200,TCP_MISS,"","rreo?an_exercicio=2025&nr_periodo=5&co_tipo_demonstrativo=RREO&no_anexo=RREO-Anexo+01&id_ente=52"
3,240,2026-10-02T02:24:33.038Z,890,200,TCP_MISS,"","rreo?an_exercicio=2025&nr_periodo=6&co_tipo_demonstrativo=RREO&no_anexo=RREO-Anexo+01&id_ente=52"
3,241,2026-10-02T02:24:34.644Z,139,200,TCP_REMOTE_HIT,"","extrato_entregas?id_ente=53&an_referencia=2025"
3,242,2026-10-02T02:24:35.752Z,1073,200,TCP_MISS,"","rreo?an_exercicio=2025&nr_periodo=1&co_tipo_demonstrativo=RREO&no_anexo=RREO-Anexo+01&id_ente=53"
3,243,2026-10-02T02:24:36.873Z,1103,200,TCP_MISS,"","rreo?an_exercicio=2025&nr_periodo=2&co_tipo_demonstrativo=RREO&no_anexo=RREO-Anexo+01&id_ente=53"
3,244,2026-10-02T02:24:38.083Z,12,429,CONFIG_NOCACHE,"HTTP 429","rreo?an_exercicio=2025&nr_periodo=3&co_tipo_demonstrativo=RREO&no_anexo=RREO-Anexo+01&id_ente=53"
3,245,2026-10-02T02:24:40.429Z,881,200,TCP_MISS,"","rreo?an_exercicio=2025&nr_periodo=3&co_tipo_demonstrativo=RREO&no_anexo=RREO-Anexo+01&id_ente=53"
3,246,2026-10-02T02:24:41.540Z,13,429,CONFIG_NOCACHE,"HTTP 429","rreo?an_exercicio=2025&nr_periodo=4&co_tipo_demonstrativo=RREO&no_anexo=RREO-Anexo+01&id_ente=53"
3,247,2026-10-02T02:24:43.811Z,861,200,TCP_MISS,"","rreo?an_exercicio=2025&nr_periodo=4&co_tipo_demonstrativo=RREO&no_anexo=RREO-Anexo+01&id_ente=53"
3,248,2026-10-02T02:24:44.918Z,15,429,CONFIG_NOCACHE,"HTTP 429","rreo?an_exercicio=2025&nr_periodo=5&co_tipo_demonstrativo=RREO&no_anexo=RREO-Anexo+01&id_ente=53"
3,249,2026-10-02T02:24:47.203Z,65,429,CONFIG_NOCACHE,"HTTP 429","rreo?an_exercicio=2025&nr_periodo=5&co_tipo_demonstrativo=RREO&no_anexo=RREO-Anexo+01&id_ente=53"
3,250,2026-10-02T02:24:51.622Z,1103,200,TCP_MISS,"","rreo?an_exercicio=2025&nr_periodo=5&co_tipo_demonstrativo=RREO&no_anexo=RREO-Anexo+01&id_ente=53"
3,251,2026-10-02T02:24:52.833Z,14,429,CONFIG_NOCACHE,"HTTP 429","rreo?an_exercicio=2025&nr_periodo=6&co_tipo_demonstrativo=RREO&no_anexo=RREO-Anexo+01&id_ente=53"
3,252,2026-10-02T02:24:54.987Z,825,200,TCP_MISS,"","rreo?an_exercicio=2025&nr_periodo=6&co_tipo_demonstrativo=RREO&no_anexo=RREO-Anexo+01&id_ente=53"
3,253,2026-10-02T02:24:56.091Z,18,429,CONFIG_NOCACHE,"HTTP 429","extrato_entregas?id_ente=1&an_referencia=2026"
3,254,2026-10-02T02:24:58.248Z,113,200,TCP_HIT,"","extrato_entregas?id_ente=1&an_referencia=2026"
3,255,2026-10-02T02:24:59.359Z,574,200,TCP_REMOTE_HIT,"","extrato_entregas?id_ente=11&an_referencia=2026"
3,256,2026-10-02T02:25:00.468Z,682,200,TCP_MISS,"","rreo?an_exercicio=2026&nr_periodo=1&co_tipo_demonstrativo=RREO&no_anexo=RREO-Anexo+01&id_ente=11"
3,257,2026-10-02T02:25:01.572Z,863,200,TCP_MISS,"","rreo?an_exercicio=2026&nr_periodo=2&co_tipo_demonstrativo=RREO&no_anexo=RREO-Anexo+01&id_ente=11"
3,258,2026-10-02T02:25:02.688Z,687,200,TCP_MISS,"","rreo?an_exercicio=2026&nr_periodo=3&co_tipo_demonstrativo=RREO&no_anexo=RREO-Anexo+01&id_ente=11"
3,259,2026-10-02T02:25:03.801Z,679,200,TCP_MISS,"","rreo?an_exercicio=2026&nr_periodo=4&co_tipo_demonstrativo=RREO&no_anexo=RREO-Anexo+01&id_ente=11"
3,260,2026-10-02T02:25:04.913Z,167,200,TCP_REMOTE_HIT,"","extrato_entregas?id_ente=12&an_referencia=2026"
3,261,2026-10-02T02:25:06.019Z,901,200,TCP_MISS,"","rreo?an_exercicio=2026&nr_periodo=1&co_tipo_demonstrativo=RREO&no_anexo=RREO-Anexo+01&id_ente=12"
3,262,2026-10-02T02:25:07.125Z,672,200,TCP_MISS,"","rreo?an_exercicio=2026&nr_periodo=2&co_tipo_demonstrativo=RREO&no_anexo=RREO-Anexo+01&id_ente=12"
3,263,2026-10-02T02:25:08.234Z,629,200,TCP_MISS,"","rreo?an_exercicio=2026&nr_periodo=3&co_tipo_demonstrativo=RREO&no_anexo=RREO-Anexo+01&id_ente=12"
3,264,2026-10-02T02:25:09.340Z,22,429,CONFIG_NOCACHE,"HTTP 429","rreo?an_exercicio=2026&nr_periodo=4&co_tipo_demonstrativo=RREO&no_anexo=RREO-Anexo+01&id_ente=12"
3,265,2026-10-02T02:25:11.461Z,1081,200,TCP_MISS,"","rreo?an_exercicio=2026&nr_periodo=4&co_tipo_demonstrativo=RREO&no_anexo=RREO-Anexo+01&id_ente=12"
3,266,2026-10-02T02:25:12.584Z,19,200,TCP_HIT,"","extrato_entregas?id_ente=13&an_referencia=2026"
3,267,2026-10-02T02:25:13.689Z,933,200,TCP_MISS,"","rreo?an_exercicio=2026&nr_periodo=1&co_tipo_demonstrativo=RREO&no_anexo=RREO-Anexo+01&id_ente=13"
3,268,2026-10-02T02:25:14.800Z,939,200,TCP_MISS,"","rreo?an_exercicio=2026&nr_periodo=2&co_tipo_demonstrativo=RREO&no_anexo=RREO-Anexo+01&id_ente=13"
3,269,2026-10-02T02:25:15.902Z,764,200,TCP_MISS,"","rreo?an_exercicio=2026&nr_periodo=3&co_tipo_demonstrativo=RREO&no_anexo=RREO-Anexo+01&id_ente=13"
3,270,2026-10-02T02:25:17.008Z,956,200,TCP_MISS,"","rreo?an_exercicio=2026&nr_periodo=4&co_tipo_demonstrativo=RREO&no_anexo=RREO-Anexo+01&id_ente=13"
3,271,2026-10-02T02:25:18.112Z,20,200,TCP_HIT,"","extrato_entregas?id_ente=14&an_referencia=2026"
3,272,2026-10-02T02:25:19.219Z,901,200,TCP_MISS,"","rreo?an_exercicio=2026&nr_periodo=1&co_tipo_demonstrativo=RREO&no_anexo=RREO-Anexo+01&id_ente=14"
3,273,2026-10-02T02:25:20.333Z,1136,200,TCP_MISS,"","rreo?an_exercicio=2026&nr_periodo=2&co_tipo_demonstrativo=RREO&no_anexo=RREO-Anexo+01&id_ente=14"
3,274,2026-10-02T02:25:21.508Z,1010,200,TCP_MISS,"","rreo?an_exercicio=2026&nr_periodo=3&co_tipo_demonstrativo=RREO&no_anexo=RREO-Anexo+01&id_ente=14"
3,275,2026-10-02T02:25:22.621Z,24,429,CONFIG_NOCACHE,"HTTP 429","rreo?an_exercicio=2026&nr_periodo=4&co_tipo_demonstrativo=RREO&no_anexo=RREO-Anexo+01&id_ente=14"
3,276,2026-10-02T02:25:24.792Z,1293,200,TCP_MISS,"","rreo?an_exercicio=2026&nr_periodo=4&co_tipo_demonstrativo=RREO&no_anexo=RREO-Anexo+01&id_ente=14"
3,277,2026-10-02T02:25:26.122Z,19,429,CONFIG_NOCACHE,"HTTP 429","extrato_entregas?id_ente=15&an_referencia=2026"
3,278,2026-10-02T02:25:28.191Z,85,200,TCP_HIT,"","extrato_entregas?id_ente=15&an_referencia=2026"
3,279,2026-10-02T02:25:29.302Z,17,429,CONFIG_NOCACHE,"HTTP 429","rreo?an_exercicio=2026&nr_periodo=1&co_tipo_demonstrativo=RREO&no_anexo=RREO-Anexo+01&id_ente=15"
3,280,2026-10-02T02:25:31.408Z,766,200,TCP_MISS,"","rreo?an_exercicio=2026&nr_periodo=1&co_tipo_demonstrativo=RREO&no_anexo=RREO-Anexo+01&id_ente=15"
3,281,2026-10-02T02:25:32.518Z,14,429,CONFIG_NOCACHE,"HTTP 429","rreo?an_exercicio=2026&nr_periodo=2&co_tipo_demonstrativo=RREO&no_anexo=RREO-Anexo+01&id_ente=15"
3,282,2026-10-02T02:25:34.898Z,764,200,TCP_MISS,"","rreo?an_exercicio=2026&nr_periodo=2&co_tipo_demonstrativo=RREO&no_anexo=RREO-Anexo+01&id_ente=15"
3,283,2026-10-02T02:25:35.999Z,17,429,CONFIG_NOCACHE,"HTTP 429","rreo?an_exercicio=2026&nr_periodo=3&co_tipo_demonstrativo=RREO&no_anexo=RREO-Anexo+01&id_ente=15"
3,284,2026-10-02T02:25:38.488Z,49,429,CONFIG_NOCACHE,"HTTP 429","rreo?an_exercicio=2026&nr_periodo=3&co_tipo_demonstrativo=RREO&no_anexo=RREO-Anexo+01&id_ente=15"
3,285,2026-10-02T02:25:42.956Z,66,429,CONFIG_NOCACHE,"HTTP 429","rreo?an_exercicio=2026&nr_periodo=3&co_tipo_demonstrativo=RREO&no_anexo=RREO-Anexo+01&id_ente=15"
3,286,2026-10-02T02:25:44.061Z,1000,200,TCP_MISS,"","rreo?an_exercicio=2026&nr_periodo=4&co_tipo_demonstrativo=RREO&no_anexo=RREO-Anexo+01&id_ente=15"
3,287,2026-10-02T02:25:45.173Z,19,429,CONFIG_NOCACHE,"HTTP 429","extrato_entregas?id_ente=16&an_referencia=2026"
3,288,2026-10-02T02:25:47.295Z,100,200,TCP_HIT,"","extrato_entregas?id_ente=16&an_referencia=2026"
3,289,2026-10-02T02:25:48.405Z,711,200,TCP_MISS,"","rreo?an_exercicio=2026&nr_periodo=1&co_tipo_demonstrativo=RREO&no_anexo=RREO-Anexo+01&id_ente=16"
3,290,2026-10-02T02:25:49.507Z,867,200,TCP_MISS,"","rreo?an_exercicio=2026&nr_periodo=2&co_tipo_demonstrativo=RREO&no_anexo=RREO-Anexo+01&id_ente=16"
3,291,2026-10-02T02:25:50.615Z,763,200,TCP_MISS,"","rreo?an_exercicio=2026&nr_periodo=3&co_tipo_demonstrativo=RREO&no_anexo=RREO-Anexo+01&id_ente=16"
3,292,2026-10-02T02:25:51.724Z,956,200,TCP_MISS,"","rreo?an_exercicio=2026&nr_periodo=4&co_tipo_demonstrativo=RREO&no_anexo=RREO-Anexo+01&id_ente=16"
3,293,2026-10-02T02:25:52.836Z,19,200,TCP_HIT,"","extrato_entregas?id_ente=17&an_referencia=2026"
3,294,2026-10-02T02:25:53.951Z,893,200,TCP_MISS,"","rreo?an_exercicio=2026&nr_periodo=1&co_tipo_demonstrativo=RREO&no_anexo=RREO-Anexo+01&id_ente=17"
3,295,2026-10-02T02:25:55.051Z,627,200,TCP_MISS,"","rreo?an_exercicio=2026&nr_periodo=2&co_tipo_demonstrativo=RREO&no_anexo=RREO-Anexo+01&id_ente=17"
3,296,2026-10-02T02:25:56.158Z,1023,200,TCP_MISS,"","rreo?an_exercicio=2026&nr_periodo=3&co_tipo_demonstrativo=RREO&no_anexo=RREO-Anexo+01&id_ente=17"
3,297,2026-10-02T02:25:57.269Z,1041,200,TCP_MISS,"","rreo?an_exercicio=2026&nr_periodo=4&co_tipo_demonstrativo=RREO&no_anexo=RREO-Anexo+01&id_ente=17"
3,298,2026-10-02T02:25:58.372Z,16,200,TCP_HIT,"","extrato_entregas?id_ente=21&an_referencia=2026"
3,299,2026-10-02T02:25:59.477Z,916,200,TCP_MISS,"","rreo?an_exercicio=2026&nr_periodo=1&co_tipo_demonstrativo=RREO&no_anexo=RREO-Anexo+01&id_ente=21"
3,300,2026-10-02T02:26:00.580Z,663,200,TCP_MISS,"","rreo?an_exercicio=2026&nr_periodo=2&co_tipo_demonstrativo=RREO&no_anexo=RREO-Anexo+01&id_ente=21"
3,301,2026-10-02T02:26:01.690Z,1520,200,TCP_MISS,"","rreo?an_exercicio=2026&nr_periodo=3&co_tipo_demonstrativo=RREO&no_anexo=RREO-Anexo+01&id_ente=21"
3,302,2026-10-02T02:26:03.250Z,985,200,TCP_MISS,"","rreo?an_exercicio=2026&nr_periodo=4&co_tipo_demonstrativo=RREO&no_anexo=RREO-Anexo+01&id_ente=21"
3,303,2026-10-02T02:26:04.359Z,16,200,TCP_HIT,"","extrato_entregas?id_ente=22&an_referencia=2026"
3,304,2026-10-02T02:26:05.471Z,637,200,TCP_MISS,"","rreo?an_exercicio=2026&nr_periodo=1&co_tipo_demonstrativo=RREO&no_anexo=RREO-Anexo+01&id_ente=22"
3,305,2026-10-02T02:26:06.572Z,1252,200,TCP_MISS,"","rreo?an_exercicio=2026&nr_periodo=2&co_tipo_demonstrativo=RREO&no_anexo=RREO-Anexo+01&id_ente=22"
3,306,2026-10-02T02:26:07.860Z,657,200,TCP_MISS,"","rreo?an_exercicio=2026&nr_periodo=3&co_tipo_demonstrativo=RREO&no_anexo=RREO-Anexo+01&id_ente=22"
3,307,2026-10-02T02:26:08.971Z,1029,200,TCP_MISS,"","rreo?an_exercicio=2026&nr_periodo=4&co_tipo_demonstrativo=RREO&no_anexo=RREO-Anexo+01&id_ente=22"
3,308,2026-10-02T02:26:10.079Z,19,429,CONFIG_NOCACHE,"HTTP 429","extrato_entregas?id_ente=23&an_referencia=2026"
3,309,2026-10-02T02:26:12.467Z,106,200,TCP_HIT,"","extrato_entregas?id_ente=23&an_referencia=2026"
3,310,2026-10-02T02:26:13.574Z,21,429,CONFIG_NOCACHE,"HTTP 429","rreo?an_exercicio=2026&nr_periodo=1&co_tipo_demonstrativo=RREO&no_anexo=RREO-Anexo+01&id_ente=23"
3,311,2026-10-02T02:26:16.006Z,805,200,TCP_MISS,"","rreo?an_exercicio=2026&nr_periodo=1&co_tipo_demonstrativo=RREO&no_anexo=RREO-Anexo+01&id_ente=23"
3,312,2026-10-02T02:26:17.110Z,18,429,CONFIG_NOCACHE,"HTTP 429","rreo?an_exercicio=2026&nr_periodo=2&co_tipo_demonstrativo=RREO&no_anexo=RREO-Anexo+01&id_ente=23"
3,313,2026-10-02T02:26:19.545Z,994,200,TCP_MISS,"","rreo?an_exercicio=2026&nr_periodo=2&co_tipo_demonstrativo=RREO&no_anexo=RREO-Anexo+01&id_ente=23"
3,314,2026-10-02T02:26:20.654Z,15,429,CONFIG_NOCACHE,"HTTP 429","rreo?an_exercicio=2026&nr_periodo=3&co_tipo_demonstrativo=RREO&no_anexo=RREO-Anexo+01&id_ente=23"
3,315,2026-10-02T02:26:22.740Z,923,200,TCP_MISS,"","rreo?an_exercicio=2026&nr_periodo=3&co_tipo_demonstrativo=RREO&no_anexo=RREO-Anexo+01&id_ente=23"
3,316,2026-10-02T02:26:23.850Z,17,429,CONFIG_NOCACHE,"HTTP 429","rreo?an_exercicio=2026&nr_periodo=4&co_tipo_demonstrativo=RREO&no_anexo=RREO-Anexo+01&id_ente=23"
3,317,2026-10-02T02:26:26.357Z,956,200,TCP_MISS,"","rreo?an_exercicio=2026&nr_periodo=4&co_tipo_demonstrativo=RREO&no_anexo=RREO-Anexo+01&id_ente=23"
3,318,2026-10-02T02:26:27.459Z,19,429,CONFIG_NOCACHE,"HTTP 429","extrato_entregas?id_ente=24&an_referencia=2026"
3,319,2026-10-02T02:26:29.589Z,187,200,TCP_REMOTE_HIT,"","extrato_entregas?id_ente=24&an_referencia=2026"
3,320,2026-10-02T02:26:30.699Z,21,429,CONFIG_NOCACHE,"HTTP 429","rreo?an_exercicio=2026&nr_periodo=1&co_tipo_demonstrativo=RREO&no_anexo=RREO-Anexo+01&id_ente=24"
3,321,2026-10-02T02:26:33.076Z,1066,200,TCP_MISS,"","rreo?an_exercicio=2026&nr_periodo=1&co_tipo_demonstrativo=RREO&no_anexo=RREO-Anexo+01&id_ente=24"
3,322,2026-10-02T02:26:34.218Z,816,200,TCP_MISS,"","rreo?an_exercicio=2026&nr_periodo=2&co_tipo_demonstrativo=RREO&no_anexo=RREO-Anexo+01&id_ente=24"
3,323,2026-10-02T02:26:35.325Z,741,200,TCP_MISS,"","rreo?an_exercicio=2026&nr_periodo=3&co_tipo_demonstrativo=RREO&no_anexo=RREO-Anexo+01&id_ente=24"
3,324,2026-10-02T02:26:36.431Z,845,200,TCP_MISS,"","rreo?an_exercicio=2026&nr_periodo=4&co_tipo_demonstrativo=RREO&no_anexo=RREO-Anexo+01&id_ente=24"
3,325,2026-10-02T02:26:37.540Z,581,200,TCP_REMOTE_HIT,"","extrato_entregas?id_ente=25&an_referencia=2026"
3,326,2026-10-02T02:26:38.651Z,913,200,TCP_MISS,"","rreo?an_exercicio=2026&nr_periodo=1&co_tipo_demonstrativo=RREO&no_anexo=RREO-Anexo+01&id_ente=25"
3,327,2026-10-02T02:26:39.759Z,865,200,TCP_MISS,"","rreo?an_exercicio=2026&nr_periodo=2&co_tipo_demonstrativo=RREO&no_anexo=RREO-Anexo+01&id_ente=25"
3,328,2026-10-02T02:26:40.873Z,813,200,TCP_MISS,"","rreo?an_exercicio=2026&nr_periodo=3&co_tipo_demonstrativo=RREO&no_anexo=RREO-Anexo+01&id_ente=25"
3,329,2026-10-02T02:26:41.987Z,873,200,TCP_MISS,"","rreo?an_exercicio=2026&nr_periodo=4&co_tipo_demonstrativo=RREO&no_anexo=RREO-Anexo+01&id_ente=25"
3,330,2026-10-02T02:26:43.091Z,136,200,TCP_REMOTE_HIT,"","extrato_entregas?id_ente=26&an_referencia=2026"
3,331,2026-10-02T02:26:44.204Z,23,429,CONFIG_NOCACHE,"HTTP 429","rreo?an_exercicio=2026&nr_periodo=1&co_tipo_demonstrativo=RREO&no_anexo=RREO-Anexo+01&id_ente=26"
3,332,2026-10-02T02:26:46.309Z,1001,200,TCP_MISS,"","rreo?an_exercicio=2026&nr_periodo=1&co_tipo_demonstrativo=RREO&no_anexo=RREO-Anexo+01&id_ente=26"
3,333,2026-10-02T02:26:47.418Z,1098,200,TCP_MISS,"","rreo?an_exercicio=2026&nr_periodo=2&co_tipo_demonstrativo=RREO&no_anexo=RREO-Anexo+01&id_ente=26"
3,334,2026-10-02T02:26:48.575Z,961,200,TCP_MISS,"","rreo?an_exercicio=2026&nr_periodo=3&co_tipo_demonstrativo=RREO&no_anexo=RREO-Anexo+01&id_ente=26"
3,335,2026-10-02T02:26:49.686Z,1087,200,TCP_MISS,"","rreo?an_exercicio=2026&nr_periodo=4&co_tipo_demonstrativo=RREO&no_anexo=RREO-Anexo+01&id_ente=26"
3,336,2026-10-02T02:26:50.840Z,155,200,TCP_REMOTE_HIT,"","extrato_entregas?id_ente=27&an_referencia=2026"
3,337,2026-10-02T02:26:51.949Z,727,200,TCP_MISS,"","rreo?an_exercicio=2026&nr_periodo=1&co_tipo_demonstrativo=RREO&no_anexo=RREO-Anexo+01&id_ente=27"
3,338,2026-10-02T02:26:53.054Z,873,200,TCP_MISS,"","rreo?an_exercicio=2026&nr_periodo=2&co_tipo_demonstrativo=RREO&no_anexo=RREO-Anexo+01&id_ente=27"
3,339,2026-10-02T02:26:54.155Z,626,200,TCP_MISS,"","rreo?an_exercicio=2026&nr_periodo=3&co_tipo_demonstrativo=RREO&no_anexo=RREO-Anexo+01&id_ente=27"
3,340,2026-10-02T02:26:55.265Z,905,200,TCP_MISS,"","rreo?an_exercicio=2026&nr_periodo=4&co_tipo_demonstrativo=RREO&no_anexo=RREO-Anexo+01&id_ente=27"
3,341,2026-10-02T02:26:56.376Z,139,200,TCP_REMOTE_HIT,"","extrato_entregas?id_ente=28&an_referencia=2026"
3,342,2026-10-02T02:26:57.485Z,23,429,CONFIG_NOCACHE,"HTTP 429","rreo?an_exercicio=2026&nr_periodo=1&co_tipo_demonstrativo=RREO&no_anexo=RREO-Anexo+01&id_ente=28"
3,343,2026-10-02T02:26:59.959Z,776,200,TCP_MISS,"","rreo?an_exercicio=2026&nr_periodo=1&co_tipo_demonstrativo=RREO&no_anexo=RREO-Anexo+01&id_ente=28"
3,344,2026-10-02T02:27:01.071Z,859,200,TCP_MISS,"","rreo?an_exercicio=2026&nr_periodo=2&co_tipo_demonstrativo=RREO&no_anexo=RREO-Anexo+01&id_ente=28"
3,345,2026-10-02T02:27:02.183Z,1530,200,TCP_MISS,"","rreo?an_exercicio=2026&nr_periodo=3&co_tipo_demonstrativo=RREO&no_anexo=RREO-Anexo+01&id_ente=28"
3,346,2026-10-02T02:27:03.757Z,801,200,TCP_MISS,"","rreo?an_exercicio=2026&nr_periodo=4&co_tipo_demonstrativo=RREO&no_anexo=RREO-Anexo+01&id_ente=28"
3,347,2026-10-02T02:27:04.865Z,20,200,TCP_HIT,"","extrato_entregas?id_ente=29&an_referencia=2026"
3,348,2026-10-02T02:27:05.980Z,906,200,TCP_MISS,"","rreo?an_exercicio=2026&nr_periodo=1&co_tipo_demonstrativo=RREO&no_anexo=RREO-Anexo+01&id_ente=29"
3,349,2026-10-02T02:27:07.079Z,813,200,TCP_MISS,"","rreo?an_exercicio=2026&nr_periodo=2&co_tipo_demonstrativo=RREO&no_anexo=RREO-Anexo+01&id_ente=29"
3,350,2026-10-02T02:27:08.186Z,696,200,TCP_MISS,"","rreo?an_exercicio=2026&nr_periodo=3&co_tipo_demonstrativo=RREO&no_anexo=RREO-Anexo+01&id_ente=29"
3,351,2026-10-02T02:27:09.291Z,1123,200,TCP_MISS,"","rreo?an_exercicio=2026&nr_periodo=4&co_tipo_demonstrativo=RREO&no_anexo=RREO-Anexo+01&id_ente=29"
3,352,2026-10-02T02:27:10.465Z,21,200,TCP_HIT,"","extrato_entregas?id_ente=31&an_referencia=2026"
3,353,2026-10-02T02:27:11.577Z,22,429,CONFIG_NOCACHE,"HTTP 429","rreo?an_exercicio=2026&nr_periodo=1&co_tipo_demonstrativo=RREO&no_anexo=RREO-Anexo+01&id_ente=31"
3,354,2026-10-02T02:27:13.744Z,1046,200,TCP_MISS,"","rreo?an_exercicio=2026&nr_periodo=1&co_tipo_demonstrativo=RREO&no_anexo=RREO-Anexo+01&id_ente=31"
3,355,2026-10-02T02:27:14.851Z,19,429,CONFIG_NOCACHE,"HTTP 429","rreo?an_exercicio=2026&nr_periodo=2&co_tipo_demonstrativo=RREO&no_anexo=RREO-Anexo+01&id_ente=31"
3,356,2026-10-02T02:27:17.185Z,847,200,TCP_MISS,"","rreo?an_exercicio=2026&nr_periodo=2&co_tipo_demonstrativo=RREO&no_anexo=RREO-Anexo+01&id_ente=31"
3,357,2026-10-02T02:27:18.296Z,16,429,CONFIG_NOCACHE,"HTTP 429","rreo?an_exercicio=2026&nr_periodo=3&co_tipo_demonstrativo=RREO&no_anexo=RREO-Anexo+01&id_ente=31"
3,358,2026-10-02T02:27:20.543Z,1204,200,TCP_MISS,"","rreo?an_exercicio=2026&nr_periodo=3&co_tipo_demonstrativo=RREO&no_anexo=RREO-Anexo+01&id_ente=31"
3,359,2026-10-02T02:27:21.810Z,19,429,CONFIG_NOCACHE,"HTTP 429","rreo?an_exercicio=2026&nr_periodo=4&co_tipo_demonstrativo=RREO&no_anexo=RREO-Anexo+01&id_ente=31"
3,360,2026-10-02T02:27:24.203Z,888,200,TCP_MISS,"","rreo?an_exercicio=2026&nr_periodo=4&co_tipo_demonstrativo=RREO&no_anexo=RREO-Anexo+01&id_ente=31"
3,361,2026-10-02T02:27:25.314Z,132,200,TCP_REMOTE_HIT,"","extrato_entregas?id_ente=32&an_referencia=2026"
3,362,2026-10-02T02:27:26.424Z,948,200,TCP_MISS,"","rreo?an_exercicio=2026&nr_periodo=1&co_tipo_demonstrativo=RREO&no_anexo=RREO-Anexo+01&id_ente=32"
3,363,2026-10-02T02:27:27.525Z,1039,200,TCP_MISS,"","rreo?an_exercicio=2026&nr_periodo=2&co_tipo_demonstrativo=RREO&no_anexo=RREO-Anexo+01&id_ente=32"
3,364,2026-10-02T02:27:28.626Z,1510,200,TCP_MISS,"","rreo?an_exercicio=2026&nr_periodo=3&co_tipo_demonstrativo=RREO&no_anexo=RREO-Anexo+01&id_ente=32"
3,365,2026-10-02T02:27:30.185Z,753,200,TCP_MISS,"","rreo?an_exercicio=2026&nr_periodo=4&co_tipo_demonstrativo=RREO&no_anexo=RREO-Anexo+01&id_ente=32"
3,366,2026-10-02T02:27:31.294Z,131,200,TCP_REMOTE_HIT,"","extrato_entregas?id_ente=33&an_referencia=2026"
3,367,2026-10-02T02:27:32.401Z,18,200,TCP_HIT,"","extrato_entregas?id_ente=35&an_referencia=2026"
3,368,2026-10-02T02:27:33.502Z,951,200,TCP_MISS,"","rreo?an_exercicio=2026&nr_periodo=1&co_tipo_demonstrativo=RREO&no_anexo=RREO-Anexo+01&id_ente=35"
3,369,2026-10-02T02:27:34.609Z,934,200,TCP_MISS,"","rreo?an_exercicio=2026&nr_periodo=2&co_tipo_demonstrativo=RREO&no_anexo=RREO-Anexo+01&id_ente=35"
3,370,2026-10-02T02:27:35.718Z,14,429,CONFIG_NOCACHE,"HTTP 429","rreo?an_exercicio=2026&nr_periodo=3&co_tipo_demonstrativo=RREO&no_anexo=RREO-Anexo+01&id_ente=35"
3,371,2026-10-02T02:27:38.163Z,1177,200,TCP_MISS,"","rreo?an_exercicio=2026&nr_periodo=3&co_tipo_demonstrativo=RREO&no_anexo=RREO-Anexo+01&id_ente=35"
3,372,2026-10-02T02:27:39.397Z,15,429,CONFIG_NOCACHE,"HTTP 429","rreo?an_exercicio=2026&nr_periodo=4&co_tipo_demonstrativo=RREO&no_anexo=RREO-Anexo+01&id_ente=35"
3,373,2026-10-02T02:27:41.513Z,1117,200,TCP_MISS,"","rreo?an_exercicio=2026&nr_periodo=4&co_tipo_demonstrativo=RREO&no_anexo=RREO-Anexo+01&id_ente=35"
3,374,2026-10-02T02:27:42.687Z,15,429,CONFIG_NOCACHE,"HTTP 429","extrato_entregas?id_ente=41&an_referencia=2026"
3,375,2026-10-02T02:27:44.708Z,79,200,TCP_HIT,"","extrato_entregas?id_ente=41&an_referencia=2026"
3,376,2026-10-02T02:27:45.820Z,15,429,CONFIG_NOCACHE,"HTTP 429","rreo?an_exercicio=2026&nr_periodo=1&co_tipo_demonstrativo=RREO&no_anexo=RREO-Anexo+01&id_ente=41"
3,377,2026-10-02T02:27:48.017Z,1070,200,TCP_MISS,"","rreo?an_exercicio=2026&nr_periodo=1&co_tipo_demonstrativo=RREO&no_anexo=RREO-Anexo+01&id_ente=41"
3,378,2026-10-02T02:27:49.148Z,17,429,CONFIG_NOCACHE,"HTTP 429","rreo?an_exercicio=2026&nr_periodo=2&co_tipo_demonstrativo=RREO&no_anexo=RREO-Anexo+01&id_ente=41"
3,379,2026-10-02T02:27:51.635Z,1074,200,TCP_MISS,"","rreo?an_exercicio=2026&nr_periodo=2&co_tipo_demonstrativo=RREO&no_anexo=RREO-Anexo+01&id_ente=41"
3,380,2026-10-02T02:27:52.764Z,14,429,CONFIG_NOCACHE,"HTTP 429","rreo?an_exercicio=2026&nr_periodo=3&co_tipo_demonstrativo=RREO&no_anexo=RREO-Anexo+01&id_ente=41"
3,381,2026-10-02T02:27:54.957Z,1112,200,TCP_MISS,"","rreo?an_exercicio=2026&nr_periodo=3&co_tipo_demonstrativo=RREO&no_anexo=RREO-Anexo+01&id_ente=41"
3,382,2026-10-02T02:27:56.127Z,14,429,CONFIG_NOCACHE,"HTTP 429","rreo?an_exercicio=2026&nr_periodo=4&co_tipo_demonstrativo=RREO&no_anexo=RREO-Anexo+01&id_ente=41"
3,383,2026-10-02T02:27:58.207Z,852,200,TCP_MISS,"","rreo?an_exercicio=2026&nr_periodo=4&co_tipo_demonstrativo=RREO&no_anexo=RREO-Anexo+01&id_ente=41"
3,384,2026-10-02T02:27:59.321Z,17,200,TCP_HIT,"","extrato_entregas?id_ente=42&an_referencia=2026"
3,385,2026-10-02T02:28:00.426Z,703,200,TCP_MISS,"","rreo?an_exercicio=2026&nr_periodo=1&co_tipo_demonstrativo=RREO&no_anexo=RREO-Anexo+01&id_ente=42"
3,386,2026-10-02T02:28:01.539Z,674,200,TCP_MISS,"","rreo?an_exercicio=2026&nr_periodo=2&co_tipo_demonstrativo=RREO&no_anexo=RREO-Anexo+01&id_ente=42"
3,387,2026-10-02T02:28:02.642Z,769,200,TCP_MISS,"","rreo?an_exercicio=2026&nr_periodo=3&co_tipo_demonstrativo=RREO&no_anexo=RREO-Anexo+01&id_ente=42"
3,388,2026-10-02T02:28:03.746Z,1139,200,TCP_MISS,"","rreo?an_exercicio=2026&nr_periodo=4&co_tipo_demonstrativo=RREO&no_anexo=RREO-Anexo+01&id_ente=42"
3,389,2026-10-02T02:28:04.929Z,17,200,TCP_HIT,"","extrato_entregas?id_ente=43&an_referencia=2026"
3,390,2026-10-02T02:28:06.039Z,1000,200,TCP_MISS,"","rreo?an_exercicio=2026&nr_periodo=1&co_tipo_demonstrativo=RREO&no_anexo=RREO-Anexo+01&id_ente=43"
3,391,2026-10-02T02:28:07.150Z,955,200,TCP_MISS,"","rreo?an_exercicio=2026&nr_periodo=2&co_tipo_demonstrativo=RREO&no_anexo=RREO-Anexo+01&id_ente=43"
3,392,2026-10-02T02:28:08.252Z,964,200,TCP_MISS,"","rreo?an_exercicio=2026&nr_periodo=3&co_tipo_demonstrativo=RREO&no_anexo=RREO-Anexo+01&id_ente=43"
3,393,2026-10-02T02:28:09.353Z,24,429,CONFIG_NOCACHE,"HTTP 429","rreo?an_exercicio=2026&nr_periodo=4&co_tipo_demonstrativo=RREO&no_anexo=RREO-Anexo+01&id_ente=43"
3,394,2026-10-02T02:28:11.693Z,898,200,TCP_MISS,"","rreo?an_exercicio=2026&nr_periodo=4&co_tipo_demonstrativo=RREO&no_anexo=RREO-Anexo+01&id_ente=43"
3,395,2026-10-02T02:28:12.806Z,140,200,TCP_REMOTE_HIT,"","extrato_entregas?id_ente=50&an_referencia=2026"
3,396,2026-10-02T02:28:13.908Z,862,200,TCP_MISS,"","rreo?an_exercicio=2026&nr_periodo=1&co_tipo_demonstrativo=RREO&no_anexo=RREO-Anexo+01&id_ente=50"
3,397,2026-10-02T02:28:15.021Z,651,200,TCP_MISS,"","rreo?an_exercicio=2026&nr_periodo=2&co_tipo_demonstrativo=RREO&no_anexo=RREO-Anexo+01&id_ente=50"
3,398,2026-10-02T02:28:16.134Z,944,200,TCP_MISS,"","rreo?an_exercicio=2026&nr_periodo=3&co_tipo_demonstrativo=RREO&no_anexo=RREO-Anexo+01&id_ente=50"
3,399,2026-10-02T02:28:17.236Z,1002,200,TCP_MISS,"","rreo?an_exercicio=2026&nr_periodo=4&co_tipo_demonstrativo=RREO&no_anexo=RREO-Anexo+01&id_ente=50"
3,400,2026-10-02T02:28:18.347Z,135,200,TCP_REMOTE_HIT,"","extrato_entregas?id_ente=51&an_referencia=2026"
3,401,2026-10-02T02:28:19.462Z,959,200,TCP_MISS,"","rreo?an_exercicio=2026&nr_periodo=1&co_tipo_demonstrativo=RREO&no_anexo=RREO-Anexo+01&id_ente=51"
3,402,2026-10-02T02:28:20.565Z,971,200,TCP_MISS,"","rreo?an_exercicio=2026&nr_periodo=2&co_tipo_demonstrativo=RREO&no_anexo=RREO-Anexo+01&id_ente=51"
3,403,2026-10-02T02:28:21.673Z,1014,200,TCP_MISS,"","rreo?an_exercicio=2026&nr_periodo=3&co_tipo_demonstrativo=RREO&no_anexo=RREO-Anexo+01&id_ente=51"
3,404,2026-10-02T02:28:22.803Z,20,429,CONFIG_NOCACHE,"HTTP 429","rreo?an_exercicio=2026&nr_periodo=4&co_tipo_demonstrativo=RREO&no_anexo=RREO-Anexo+01&id_ente=51"
3,405,2026-10-02T02:28:24.900Z,859,200,TCP_MISS,"","rreo?an_exercicio=2026&nr_periodo=4&co_tipo_demonstrativo=RREO&no_anexo=RREO-Anexo+01&id_ente=51"
3,406,2026-10-02T02:28:26.016Z,21,429,CONFIG_NOCACHE,"HTTP 429","extrato_entregas?id_ente=52&an_referencia=2026"
3,407,2026-10-02T02:28:28.112Z,191,200,TCP_REMOTE_HIT,"","extrato_entregas?id_ente=52&an_referencia=2026"
3,408,2026-10-02T02:28:29.222Z,12,429,CONFIG_NOCACHE,"HTTP 429","rreo?an_exercicio=2026&nr_periodo=1&co_tipo_demonstrativo=RREO&no_anexo=RREO-Anexo+01&id_ente=52"
3,409,2026-10-02T02:28:31.265Z,761,200,TCP_MISS,"","rreo?an_exercicio=2026&nr_periodo=1&co_tipo_demonstrativo=RREO&no_anexo=RREO-Anexo+01&id_ente=52"
3,410,2026-10-02T02:28:32.379Z,22,429,CONFIG_NOCACHE,"HTTP 429","rreo?an_exercicio=2026&nr_periodo=2&co_tipo_demonstrativo=RREO&no_anexo=RREO-Anexo+01&id_ente=52"
3,411,2026-10-02T02:28:34.770Z,740,200,TCP_MISS,"","rreo?an_exercicio=2026&nr_periodo=2&co_tipo_demonstrativo=RREO&no_anexo=RREO-Anexo+01&id_ente=52"
3,412,2026-10-02T02:28:35.872Z,14,429,CONFIG_NOCACHE,"HTTP 429","rreo?an_exercicio=2026&nr_periodo=3&co_tipo_demonstrativo=RREO&no_anexo=RREO-Anexo+01&id_ente=52"
3,413,2026-10-02T02:28:38.378Z,1059,200,TCP_MISS,"","rreo?an_exercicio=2026&nr_periodo=3&co_tipo_demonstrativo=RREO&no_anexo=RREO-Anexo+01&id_ente=52"
3,414,2026-10-02T02:28:39.483Z,651,200,TCP_MISS,"","rreo?an_exercicio=2026&nr_periodo=4&co_tipo_demonstrativo=RREO&no_anexo=RREO-Anexo+01&id_ente=52"
3,415,2026-10-02T02:28:40.595Z,145,200,TCP_REMOTE_HIT,"","extrato_entregas?id_ente=53&an_referencia=2026"
3,416,2026-10-02T02:28:41.694Z,1391,200,TCP_MISS,"","rreo?an_exercicio=2026&nr_periodo=1&co_tipo_demonstrativo=RREO&no_anexo=RREO-Anexo+01&id_ente=53"
3,417,2026-10-02T02:28:43.135Z,1412,200,TCP_MISS,"","rreo?an_exercicio=2026&nr_periodo=2&co_tipo_demonstrativo=RREO&no_anexo=RREO-Anexo+01&id_ente=53"
3,418,2026-10-02T02:28:44.599Z,743,200,TCP_MISS,"","rreo?an_exercicio=2026&nr_periodo=3&co_tipo_demonstrativo=RREO&no_anexo=RREO-Anexo+01&id_ente=53"
3,419,2026-10-02T02:28:45.705Z,1229,200,TCP_MISS,"","rreo?an_exercicio=2026&nr_periodo=4&co_tipo_demonstrativo=RREO&no_anexo=RREO-Anexo+01&id_ente=53"
4,420,2026-10-02T02:30:22.008Z,335,200,TCP_REMOTE_HIT,"","extrato_entregas?id_ente=1&an_referencia=2025"
4,421,2026-10-02T02:30:23.509Z,133,200,TCP_REMOTE_HIT,"","extrato_entregas?id_ente=11&an_referencia=2025"
4,422,2026-10-02T02:30:25.011Z,28,200,TCP_HIT,"","extrato_entregas?id_ente=12&an_referencia=2025"
4,423,2026-10-02T02:30:26.517Z,139,200,TCP_REMOTE_HIT,"","extrato_entregas?id_ente=13&an_referencia=2025"
4,424,2026-10-02T02:30:28.032Z,18,200,TCP_HIT,"","extrato_entregas?id_ente=14&an_referencia=2025"
4,425,2026-10-02T02:30:29.541Z,21,200,TCP_HIT,"","extrato_entregas?id_ente=15&an_referencia=2025"
4,426,2026-10-02T02:30:31.059Z,26,200,TCP_HIT,"","extrato_entregas?id_ente=16&an_referencia=2025"
4,427,2026-10-02T02:30:32.571Z,24,200,TCP_HIT,"","extrato_entregas?id_ente=17&an_referencia=2025"
4,428,2026-10-02T02:30:34.077Z,20,200,TCP_HIT,"","extrato_entregas?id_ente=21&an_referencia=2025"
4,429,2026-10-02T02:30:35.582Z,26,200,TCP_HIT,"","extrato_entregas?id_ente=22&an_referencia=2025"
4,430,2026-10-02T02:30:37.095Z,18,429,CONFIG_NOCACHE,"HTTP 429 (sem retry-after)","extrato_entregas?id_ente=23&an_referencia=2025"
4,431,2026-10-02T02:30:47.424Z,213,200,TCP_REMOTE_HIT,"","extrato_entregas?id_ente=23&an_referencia=2025"
4,432,2026-10-02T02:30:50.438Z,25,200,TCP_HIT,"","extrato_entregas?id_ente=24&an_referencia=2025"
4,433,2026-10-02T02:30:53.448Z,29,200,TCP_HIT,"","extrato_entregas?id_ente=25&an_referencia=2025"
4,434,2026-10-02T02:30:56.454Z,664,200,TCP_MISS,"","rreo?an_exercicio=2025&nr_periodo=4&co_tipo_demonstrativo=RREO&no_anexo=RREO-Anexo+01&id_ente=25"
4,435,2026-10-02T02:30:59.454Z,23,200,TCP_HIT,"","extrato_entregas?id_ente=26&an_referencia=2025"
4,436,2026-10-02T02:31:02.466Z,23,200,TCP_HIT,"","extrato_entregas?id_ente=27&an_referencia=2025"
4,437,2026-10-02T02:31:05.471Z,138,200,TCP_REMOTE_HIT,"","extrato_entregas?id_ente=28&an_referencia=2025"
4,438,2026-10-02T02:31:08.477Z,23,200,TCP_HIT,"","extrato_entregas?id_ente=29&an_referencia=2025"
4,439,2026-10-02T02:31:11.504Z,146,200,TCP_REMOTE_HIT,"","extrato_entregas?id_ente=31&an_referencia=2025"
4,440,2026-10-02T02:31:14.506Z,163,200,TCP_REMOTE_HIT,"","extrato_entregas?id_ente=32&an_referencia=2025"
4,441,2026-10-02T02:31:17.506Z,18,200,TCP_HIT,"","extrato_entregas?id_ente=33&an_referencia=2025"
4,442,2026-10-02T02:31:20.520Z,24,200,TCP_HIT,"","extrato_entregas?id_ente=35&an_referencia=2025"
4,443,2026-10-02T02:31:23.533Z,17,200,TCP_HIT,"","extrato_entregas?id_ente=41&an_referencia=2025"
4,444,2026-10-02T02:31:26.548Z,142,200,TCP_REMOTE_HIT,"","extrato_entregas?id_ente=42&an_referencia=2025"
4,445,2026-10-02T02:31:29.555Z,16,429,CONFIG_NOCACHE,"HTTP 429 (sem retry-after)","extrato_entregas?id_ente=43&an_referencia=2025"
4,446,2026-10-02T02:31:39.973Z,221,200,TCP_REMOTE_HIT,"","extrato_entregas?id_ente=43&an_referencia=2025"
4,447,2026-10-02T02:31:45.981Z,238,200,TCP_REMOTE_HIT,"","extrato_entregas?id_ente=50&an_referencia=2025"
4,448,2026-10-02T02:31:51.985Z,225,200,TCP_REMOTE_HIT,"","extrato_entregas?id_ente=51&an_referencia=2025"
4,449,2026-10-02T02:31:58.000Z,80,200,TCP_HIT,"","extrato_entregas?id_ente=52&an_referencia=2025"
4,450,2026-10-02T02:32:04.014Z,97,200,TCP_HIT,"","extrato_entregas?id_ente=53&an_referencia=2025"
4,451,2026-10-02T02:32:10.016Z,368,200,TCP_REMOTE_HIT,"","extrato_entregas?id_ente=1&an_referencia=2026"
4,452,2026-10-02T02:32:16.024Z,107,200,TCP_HIT,"","extrato_entregas?id_ente=11&an_referencia=2026"
4,453,2026-10-02T02:32:22.029Z,64,200,TCP_HIT,"","extrato_entregas?id_ente=12&an_referencia=2026"
4,454,2026-10-02T02:32:28.038Z,222,200,TCP_REMOTE_HIT,"","extrato_entregas?id_ente=13&an_referencia=2026"
4,455,2026-10-02T02:32:34.045Z,215,200,TCP_REMOTE_HIT,"","extrato_entregas?id_ente=14&an_referencia=2026"
4,456,2026-10-02T02:32:40.047Z,208,200,TCP_REMOTE_HIT,"","extrato_entregas?id_ente=15&an_referencia=2026"
4,457,2026-10-02T02:32:46.050Z,1179,200,TCP_MISS,"","rreo?an_exercicio=2026&nr_periodo=3&co_tipo_demonstrativo=RREO&no_anexo=RREO-Anexo+01&id_ente=15"
4,458,2026-10-02T02:32:52.063Z,204,200,TCP_REMOTE_HIT,"","extrato_entregas?id_ente=16&an_referencia=2026"
4,459,2026-10-02T02:32:58.068Z,222,200,TCP_REMOTE_HIT,"","extrato_entregas?id_ente=17&an_referencia=2026"
4,460,2026-10-02T02:33:04.079Z,220,200,TCP_REMOTE_HIT,"","extrato_entregas?id_ente=21&an_referencia=2026"
4,461,2026-10-02T02:33:10.080Z,637,200,TCP_REMOTE_HIT,"","extrato_entregas?id_ente=22&an_referencia=2026"
4,462,2026-10-02T02:33:16.081Z,232,200,TCP_REMOTE_HIT,"","extrato_entregas?id_ente=23&an_referencia=2026"
4,463,2026-10-02T02:33:22.093Z,165,200,TCP_HIT,"","extrato_entregas?id_ente=24&an_referencia=2026"
4,464,2026-10-02T02:33:28.103Z,213,200,TCP_REMOTE_HIT,"","extrato_entregas?id_ente=25&an_referencia=2026"
4,465,2026-10-02T02:33:34.118Z,209,200,TCP_REMOTE_HIT,"","extrato_entregas?id_ente=26&an_referencia=2026"
4,466,2026-10-02T02:33:40.125Z,86,200,TCP_HIT,"","extrato_entregas?id_ente=27&an_referencia=2026"
4,467,2026-10-02T02:33:46.137Z,92,200,TCP_HIT,"","extrato_entregas?id_ente=28&an_referencia=2026"
4,468,2026-10-02T02:33:52.152Z,204,200,TCP_REMOTE_HIT,"","extrato_entregas?id_ente=29&an_referencia=2026"
4,469,2026-10-02T02:33:58.166Z,219,200,TCP_REMOTE_HIT,"","extrato_entregas?id_ente=31&an_referencia=2026"
4,470,2026-10-02T02:34:04.176Z,439,200,TCP_REMOTE_HIT,"","extrato_entregas?id_ente=32&an_referencia=2026"
4,471,2026-10-02T02:34:10.182Z,71,200,TCP_HIT,"","extrato_entregas?id_ente=33&an_referencia=2026"
4,472,2026-10-02T02:34:16.186Z,101,200,TCP_HIT,"","extrato_entregas?id_ente=35&an_referencia=2026"
4,473,2026-10-02T02:34:22.194Z,77,200,TCP_HIT,"","extrato_entregas?id_ente=41&an_referencia=2026"
4,474,2026-10-02T02:34:28.209Z,212,200,TCP_REMOTE_HIT,"","extrato_entregas?id_ente=42&an_referencia=2026"
4,475,2026-10-02T02:34:34.222Z,217,200,TCP_REMOTE_HIT,"","extrato_entregas?id_ente=43&an_referencia=2026"
4,476,2026-10-02T02:34:40.229Z,94,200,TCP_HIT,"","extrato_entregas?id_ente=50&an_referencia=2026"
4,477,2026-10-02T02:34:46.236Z,63,200,TCP_HIT,"","extrato_entregas?id_ente=51&an_referencia=2026"
4,478,2026-10-02T02:34:52.251Z,123,200,TCP_HIT,"","extrato_entregas?id_ente=52&an_referencia=2026"
4,479,2026-10-02T02:34:58.252Z,73,200,TCP_HIT,"","extrato_entregas?id_ente=53&an_referencia=2026"
